role_id,Goal Title,Goal Description,category_id,Impact Score,Goal Type,id
1,Plan a family weekend outing.,Plan a family weekend outing.,4,10,Long-Term,3332
1,Host a family dinner night every week.,Host a family dinner night every week.,4,9,Long-Term,3333
1,Create a family budget and stick to it.,Create a family budget and stick to it.,4,9,Short-Term,3334
1,Start a family book club.,Start a family book club.,4,10,Short-Term,3335
1,Volunteer together as a family.,Volunteer together as a family.,4,8,Long-Term,3336
1,Complete a personal development course.,Complete a personal development course.,5,7,Long-Term,3337
1,Read a new self-help book each month.,Read a new self-help book each month.,5,9,Long-Term,3338
1,Set and achieve a personal fitness goal.,Set and achieve a personal fitness goal.,5,10,Short-Term,3339
1,Learn a new language or skill.,Learn a new language or skill.,5,8,Long-Term,3340
1,Practice mindfulness or meditation daily.,Practice mindfulness or meditation daily.,5,7,Long-Term,3341
1,Exercise regularly and maintain a fitness routine.,Exercise regularly and maintain a fitness routine.,6,7,Long-Term,3342
1,Eat a balanced and healthy diet.,Eat a balanced and healthy diet.,6,10,Short-Term,3343
1,Get regular medical check-ups.,Get regular medical check-ups.,6,9,Short-Term,3344
1,Practice daily mental health exercises.,Practice daily mental health exercises.,6,9,Short-Term,3345
1,Ensure proper sleep hygiene.,Ensure proper sleep hygiene.,6,10,Short-Term,3346
1,Attend a professional workshop or seminar.,Attend a professional workshop or seminar.,7,8,Long-Term,3347
1,Achieve a new certification relevant to your field.,Achieve a new certification relevant to your field.,7,7,Long-Term,3348
1,Set and work towards career advancement goals.,Set and work towards career advancement goals.,7,7,Long-Term,3349
1,Improve your networking skills by attending industry events.,Improve your networking skills by attending industry events.,7,8,Short-Term,3350
1,Develop a new skill or competency.,Develop a new skill or competency.,7,9,Short-Term,3351
1,Create and follow a personal budget.,Create and follow a personal budget.,8,10,Short-Term,3352
1,Start an emergency savings fund.,Start an emergency savings fund.,8,8,Short-Term,3353
1,Invest in long-term financial growth.,Invest in long-term financial growth.,8,10,Short-Term,3354
1,Pay off any outstanding debt.,Pay off any outstanding debt.,8,10,Long-Term,3355
1,Plan for future financial milestones like retirement.,Plan for future financial milestones like retirement.,8,10,Long-Term,3356
1,Volunteer for a local charity or cause.,Volunteer for a local charity or cause.,9,9,Long-Term,3357
1,Participate in a community clean-up event.,Participate in a community clean-up event.,9,10,Long-Term,3358
1,Donate to a cause you care about.,Donate to a cause you care about.,9,8,Short-Term,3359
1,Support a local business or initiative.,Support a local business or initiative.,9,9,Long-Term,3360
1,Get involved in local government or activism.,Get involved in local government or activism.,9,10,Long-Term,3361
1,Plan a leisure trip or vacation.,Plan a leisure trip or vacation.,10,10,Short-Term,3362
1,Engage in a new hobby or pastime.,Engage in a new hobby or pastime.,10,10,Short-Term,3363
1,Take time off to relax and unwind.,Take time off to relax and unwind.,10,10,Long-Term,3364
1,Explore local cultural or recreational activities.,Explore local cultural or recreational activities.,10,9,Long-Term,3365
1,Spend time outdoors or in nature.,Spend time outdoors or in nature.,10,9,Short-Term,3366
2,Plan a family weekend outing.,Plan a family weekend outing.,4,10,Short-Term,3367
2,Host a family dinner night every week.,Host a family dinner night every week.,4,8,Short-Term,3368
2,Create a family budget and stick to it.,Create a family budget and stick to it.,4,10,Long-Term,3369
2,Start a family book club.,Start a family book club.,4,8,Long-Term,3370
2,Volunteer together as a family.,Volunteer together as a family.,4,9,Long-Term,3371
2,Complete a personal development course.,Complete a personal development course.,5,8,Short-Term,3372
2,Read a new self-help book each month.,Read a new self-help book each month.,5,9,Short-Term,3373
2,Set and achieve a personal fitness goal.,Set and achieve a personal fitness goal.,5,8,Long-Term,3374
2,Learn a new language or skill.,Learn a new language or skill.,5,9,Short-Term,3375
2,Practice mindfulness or meditation daily.,Practice mindfulness or meditation daily.,5,10,Long-Term,3376
2,Exercise regularly and maintain a fitness routine.,Exercise regularly and maintain a fitness routine.,6,7,Long-Term,3377
2,Eat a balanced and healthy diet.,Eat a balanced and healthy diet.,6,10,Short-Term,3378
2,Get regular medical check-ups.,Get regular medical check-ups.,6,8,Long-Term,3379
2,Practice daily mental health exercises.,Practice daily mental health exercises.,6,8,Long-Term,3380
2,Ensure proper sleep hygiene.,Ensure proper sleep hygiene.,6,7,Long-Term,3381
2,Attend a professional workshop or seminar.,Attend a professional workshop or seminar.,7,8,Long-Term,3382
2,Achieve a new certification relevant to your field.,Achieve a new certification relevant to your field.,7,9,Long-Term,3383
2,Set and work towards career advancement goals.,Set and work towards career advancement goals.,7,7,Short-Term,3384
2,Improve your networking skills by attending industry events.,Improve your networking skills by attending industry events.,7,9,Short-Term,3385
2,Develop a new skill or competency.,Develop a new skill or competency.,7,10,Short-Term,3386
2,Create and follow a personal budget.,Create and follow a personal budget.,8,10,Short-Term,3387
2,Start an emergency savings fund.,Start an emergency savings fund.,8,8,Short-Term,3388
2,Invest in long-term financial growth.,Invest in long-term financial growth.,8,7,Short-Term,3389
2,Pay off any outstanding debt.,Pay off any outstanding debt.,8,10,Short-Term,3390
2,Plan for future financial milestones like retirement.,Plan for future financial milestones like retirement.,8,10,Short-Term,3391
2,Volunteer for a local charity or cause.,Volunteer for a local charity or cause.,9,9,Short-Term,3392
2,Participate in a community clean-up event.,Participate in a community clean-up event.,9,8,Short-Term,3393
2,Donate to a cause you care about.,Donate to a cause you care about.,9,10,Short-Term,3394
2,Support a local business or initiative.,Support a local business or initiative.,9,7,Long-Term,3395
2,Get involved in local government or activism.,Get involved in local government or activism.,9,8,Short-Term,3396
2,Plan a leisure trip or vacation.,Plan a leisure trip or vacation.,10,7,Long-Term,3397
2,Engage in a new hobby or pastime.,Engage in a new hobby or pastime.,10,7,Long-Term,3398
2,Take time off to relax and unwind.,Take time off to relax and unwind.,10,7,Short-Term,3399
2,Explore local cultural or recreational activities.,Explore local cultural or recreational activities.,10,7,Short-Term,3400
2,Spend time outdoors or in nature.,Spend time outdoors or in nature.,10,7,Short-Term,3401
3,Plan a family weekend outing.,Plan a family weekend outing.,4,8,Short-Term,3402
3,Host a family dinner night every week.,Host a family dinner night every week.,4,8,Long-Term,3403
3,Create a family budget and stick to it.,Create a family budget and stick to it.,4,7,Short-Term,3404
3,Start a family book club.,Start a family book club.,4,10,Long-Term,3405
3,Volunteer together as a family.,Volunteer together as a family.,4,7,Long-Term,3406
3,Complete a personal development course.,Complete a personal development course.,5,9,Long-Term,3407
3,Read a new self-help book each month.,Read a new self-help book each month.,5,9,Short-Term,3408
3,Set and achieve a personal fitness goal.,Set and achieve a personal fitness goal.,5,10,Long-Term,3409
3,Learn a new language or skill.,Learn a new language or skill.,5,10,Long-Term,3410
3,Practice mindfulness or meditation daily.,Practice mindfulness or meditation daily.,5,7,Short-Term,3411
3,Exercise regularly and maintain a fitness routine.,Exercise regularly and maintain a fitness routine.,6,7,Long-Term,3412
3,Eat a balanced and healthy diet.,Eat a balanced and healthy diet.,6,8,Short-Term,3413
3,Get regular medical check-ups.,Get regular medical check-ups.,6,10,Short-Term,3414
3,Practice daily mental health exercises.,Practice daily mental health exercises.,6,10,Long-Term,3415
3,Ensure proper sleep hygiene.,Ensure proper sleep hygiene.,6,10,Long-Term,3416
3,Attend a professional workshop or seminar.,Attend a professional workshop or seminar.,7,9,Short-Term,3417
3,Achieve a new certification relevant to your field.,Achieve a new certification relevant to your field.,7,7,Long-Term,3418
3,Set and work towards career advancement goals.,Set and work towards career advancement goals.,7,10,Long-Term,3419
3,Improve your networking skills by attending industry events.,Improve your networking skills by attending industry events.,7,7,Short-Term,3420
3,Develop a new skill or competency.,Develop a new skill or competency.,7,10,Long-Term,3421
3,Create and follow a personal budget.,Create and follow a personal budget.,8,8,Short-Term,3422
3,Start an emergency savings fund.,Start an emergency savings fund.,8,8,Long-Term,3423
3,Invest in long-term financial growth.,Invest in long-term financial growth.,8,10,Short-Term,3424
3,Pay off any outstanding debt.,Pay off any outstanding debt.,8,7,Short-Term,3425
3,Plan for future financial milestones like retirement.,Plan for future financial milestones like retirement.,8,8,Short-Term,3426
3,Volunteer for a local charity or cause.,Volunteer for a local charity or cause.,9,7,Short-Term,3427
3,Participate in a community clean-up event.,Participate in a community clean-up event.,9,8,Long-Term,3428
3,Donate to a cause you care about.,Donate to a cause you care about.,9,9,Long-Term,3429
3,Support a local business or initiative.,Support a local business or initiative.,9,9,Long-Term,3430
3,Get involved in local government or activism.,Get involved in local government or activism.,9,9,Short-Term,3431
3,Plan a leisure trip or vacation.,Plan a leisure trip or vacation.,10,8,Short-Term,3432
3,Engage in a new hobby or pastime.,Engage in a new hobby or pastime.,10,7,Short-Term,3433
3,Take time off to relax and unwind.,Take time off to relax and unwind.,10,7,Short-Term,3434
3,Explore local cultural or recreational activities.,Explore local cultural or recreational activities.,10,8,Short-Term,3435
3,Spend time outdoors or in nature.,Spend time outdoors or in nature.,10,8,Short-Term,3436
4,Plan a family weekend outing.,Plan a family weekend outing.,4,7,Short-Term,3437
4,Host a family dinner night every week.,Host a family dinner night every week.,4,8,Long-Term,3438
4,Create a family budget and stick to it.,Create a family budget and stick to it.,4,10,Short-Term,3439
4,Start a family book club.,Start a family book club.,4,8,Long-Term,3440
4,Volunteer together as a family.,Volunteer together as a family.,4,8,Short-Term,3441
4,Complete a personal development course.,Complete a personal development course.,5,7,Short-Term,3442
4,Read a new self-help book each month.,Read a new self-help book each month.,5,10,Short-Term,3443
4,Set and achieve a personal fitness goal.,Set and achieve a personal fitness goal.,5,9,Long-Term,3444
4,Learn a new language or skill.,Learn a new language or skill.,5,7,Short-Term,3445
4,Practice mindfulness or meditation daily.,Practice mindfulness or meditation daily.,5,9,Long-Term,3446
4,Exercise regularly and maintain a fitness routine.,Exercise regularly and maintain a fitness routine.,6,10,Long-Term,3447
4,Eat a balanced and healthy diet.,Eat a balanced and healthy diet.,6,7,Long-Term,3448
4,Get regular medical check-ups.,Get regular medical check-ups.,6,8,Long-Term,3449
4,Practice daily mental health exercises.,Practice daily mental health exercises.,6,9,Short-Term,3450
4,Ensure proper sleep hygiene.,Ensure proper sleep hygiene.,6,7,Long-Term,3451
4,Attend a professional workshop or seminar.,Attend a professional workshop or seminar.,7,7,Short-Term,3452
4,Achieve a new certification relevant to your field.,Achieve a new certification relevant to your field.,7,9,Long-Term,3453
4,Set and work towards career advancement goals.,Set and work towards career advancement goals.,7,10,Long-Term,3454
4,Improve your networking skills by attending industry events.,Improve your networking skills by attending industry events.,7,9,Short-Term,3455
4,Develop a new skill or competency.,Develop a new skill or competency.,7,7,Short-Term,3456
4,Create and follow a personal budget.,Create and follow a personal budget.,8,10,Short-Term,3457
4,Start an emergency savings fund.,Start an emergency savings fund.,8,8,Short-Term,3458
4,Invest in long-term financial growth.,Invest in long-term financial growth.,8,7,Long-Term,3459
4,Pay off any outstanding debt.,Pay off any outstanding debt.,8,7,Short-Term,3460
4,Plan for future financial milestones like retirement.,Plan for future financial milestones like retirement.,8,7,Long-Term,3461
4,Volunteer for a local charity or cause.,Volunteer for a local charity or cause.,9,7,Short-Term,3462
4,Participate in a community clean-up event.,Participate in a community clean-up event.,9,9,Long-Term,3463
4,Donate to a cause you care about.,Donate to a cause you care about.,9,8,Short-Term,3464
4,Support a local business or initiative.,Support a local business or initiative.,9,7,Long-Term,3465
4,Get involved in local government or activism.,Get involved in local government or activism.,9,8,Short-Term,3466
4,Plan a leisure trip or vacation.,Plan a leisure trip or vacation.,10,9,Short-Term,3467
4,Engage in a new hobby or pastime.,Engage in a new hobby or pastime.,10,7,Short-Term,3468
4,Take time off to relax and unwind.,Take time off to relax and unwind.,10,9,Long-Term,3469
4,Explore local cultural or recreational activities.,Explore local cultural or recreational activities.,10,9,Short-Term,3470
4,Spend time outdoors or in nature.,Spend time outdoors or in nature.,10,8,Long-Term,3471
5,Plan a family weekend outing.,Plan a family weekend outing.,4,9,Long-Term,3472
5,Host a family dinner night every week.,Host a family dinner night every week.,4,10,Long-Term,3473
5,Create a family budget and stick to it.,Create a family budget and stick to it.,4,7,Short-Term,3474
5,Start a family book club.,Start a family book club.,4,7,Short-Term,3475
5,Volunteer together as a family.,Volunteer together as a family.,4,9,Long-Term,3476
5,Complete a personal development course.,Complete a personal development course.,5,7,Short-Term,3477
5,Read a new self-help book each month.,Read a new self-help book each month.,5,7,Long-Term,3478
5,Set and achieve a personal fitness goal.,Set and achieve a personal fitness goal.,5,7,Short-Term,3479
5,Learn a new language or skill.,Learn a new language or skill.,5,10,Long-Term,3480
5,Practice mindfulness or meditation daily.,Practice mindfulness or meditation daily.,5,9,Short-Term,3481
5,Exercise regularly and maintain a fitness routine.,Exercise regularly and maintain a fitness routine.,6,10,Short-Term,3482
5,Eat a balanced and healthy diet.,Eat a balanced and healthy diet.,6,10,Short-Term,3483
5,Get regular medical check-ups.,Get regular medical check-ups.,6,8,Long-Term,3484
5,Practice daily mental health exercises.,Practice daily mental health exercises.,6,10,Long-Term,3485
5,Ensure proper sleep hygiene.,Ensure proper sleep hygiene.,6,9,Short-Term,3486
5,Attend a professional workshop or seminar.,Attend a professional workshop or seminar.,7,8,Long-Term,3487
5,Achieve a new certification relevant to your field.,Achieve a new certification relevant to your field.,7,9,Long-Term,3488
5,Set and work towards career advancement goals.,Set and work towards career advancement goals.,7,9,Long-Term,3489
5,Improve your networking skills by attending industry events.,Improve your networking skills by attending industry events.,7,8,Short-Term,3490
5,Develop a new skill or competency.,Develop a new skill or competency.,7,7,Long-Term,3491
5,Create and follow a personal budget.,Create and follow a personal budget.,8,10,Short-Term,3492
5,Start an emergency savings fund.,Start an emergency savings fund.,8,10,Long-Term,3493
5,Invest in long-term financial growth.,Invest in long-term financial growth.,8,8,Long-Term,3494
5,Pay off any outstanding debt.,Pay off any outstanding debt.,8,8,Long-Term,3495
5,Plan for future financial milestones like retirement.,Plan for future financial milestones like retirement.,8,7,Short-Term,3496
5,Volunteer for a local charity or cause.,Volunteer for a local charity or cause.,9,7,Long-Term,3497
5,Participate in a community clean-up event.,Participate in a community clean-up event.,9,9,Short-Term,3498
5,Donate to a cause you care about.,Donate to a cause you care about.,9,10,Short-Term,3499
5,Support a local business or initiative.,Support a local business or initiative.,9,7,Short-Term,3500
5,Get involved in local government or activism.,Get involved in local government or activism.,9,10,Long-Term,3501
5,Plan a leisure trip or vacation.,Plan a leisure trip or vacation.,10,10,Short-Term,3502
5,Engage in a new hobby or pastime.,Engage in a new hobby or pastime.,10,8,Short-Term,3503
5,Take time off to relax and unwind.,Take time off to relax and unwind.,10,10,Long-Term,3504
5,Explore local cultural or recreational activities.,Explore local cultural or recreational activities.,10,7,Short-Term,3505
5,Spend time outdoors or in nature.,Spend time outdoors or in nature.,10,10,Long-Term,3506
6,Plan a family weekend outing.,Plan a family weekend outing.,4,9,Short-Term,3507
6,Host a family dinner night every week.,Host a family dinner night every week.,4,7,Long-Term,3508
6,Create a family budget and stick to it.,Create a family budget and stick to it.,4,10,Long-Term,3509
6,Start a family book club.,Start a family book club.,4,9,Long-Term,3510
6,Volunteer together as a family.,Volunteer together as a family.,4,7,Short-Term,3511
6,Complete a personal development course.,Complete a personal development course.,5,10,Short-Term,3512
6,Read a new self-help book each month.,Read a new self-help book each month.,5,10,Long-Term,3513
6,Set and achieve a personal fitness goal.,Set and achieve a personal fitness goal.,5,7,Long-Term,3514
6,Learn a new language or skill.,Learn a new language or skill.,5,7,Short-Term,3515
6,Practice mindfulness or meditation daily.,Practice mindfulness or meditation daily.,5,9,Long-Term,3516
6,Exercise regularly and maintain a fitness routine.,Exercise regularly and maintain a fitness routine.,6,8,Long-Term,3517
6,Eat a balanced and healthy diet.,Eat a balanced and healthy diet.,6,9,Short-Term,3518
6,Get regular medical check-ups.,Get regular medical check-ups.,6,9,Short-Term,3519
6,Practice daily mental health exercises.,Practice daily mental health exercises.,6,9,Long-Term,3520
6,Ensure proper sleep hygiene.,Ensure proper sleep hygiene.,6,10,Short-Term,3521
6,Attend a professional workshop or seminar.,Attend a professional workshop or seminar.,7,7,Long-Term,3522
6,Achieve a new certification relevant to your field.,Achieve a new certification relevant to your field.,7,7,Short-Term,3523
6,Set and work towards career advancement goals.,Set and work towards career advancement goals.,7,8,Long-Term,3524
6,Improve your networking skills by attending industry events.,Improve your networking skills by attending industry events.,7,7,Short-Term,3525
6,Develop a new skill or competency.,Develop a new skill or competency.,7,7,Short-Term,3526
6,Create and follow a personal budget.,Create and follow a personal budget.,8,10,Long-Term,3527
6,Start an emergency savings fund.,Start an emergency savings fund.,8,8,Long-Term,3528
6,Invest in long-term financial growth.,Invest in long-term financial growth.,8,10,Short-Term,3529
6,Pay off any outstanding debt.,Pay off any outstanding debt.,8,10,Long-Term,3530
6,Plan for future financial milestones like retirement.,Plan for future financial milestones like retirement.,8,10,Long-Term,3531
6,Volunteer for a local charity or cause.,Volunteer for a local charity or cause.,9,10,Short-Term,3532
6,Participate in a community clean-up event.,Participate in a community clean-up event.,9,9,Short-Term,3533
6,Donate to a cause you care about.,Donate to a cause you care about.,9,9,Long-Term,3534
6,Support a local business or initiative.,Support a local business or initiative.,9,9,Long-Term,3535
6,Get involved in local government or activism.,Get involved in local government or activism.,9,7,Short-Term,3536
6,Plan a leisure trip or vacation.,Plan a leisure trip or vacation.,10,9,Long-Term,3537
6,Engage in a new hobby or pastime.,Engage in a new hobby or pastime.,10,9,Long-Term,3538
6,Take time off to relax and unwind.,Take time off to relax and unwind.,10,9,Short-Term,3539
6,Explore local cultural or recreational activities.,Explore local cultural or recreational activities.,10,10,Long-Term,3540
6,Spend time outdoors or in nature.,Spend time outdoors or in nature.,10,10,Short-Term,3541
7,Plan a family weekend outing.,Plan a family weekend outing.,4,7,Long-Term,3542
7,Host a family dinner night every week.,Host a family dinner night every week.,4,9,Long-Term,3543
7,Create a family budget and stick to it.,Create a family budget and stick to it.,4,10,Long-Term,3544
7,Start a family book club.,Start a family book club.,4,7,Short-Term,3545
7,Volunteer together as a family.,Volunteer together as a family.,4,10,Short-Term,3546
7,Complete a personal development course.,Complete a personal development course.,5,10,Short-Term,3547
7,Read a new self-help book each month.,Read a new self-help book each month.,5,8,Short-Term,3548
7,Set and achieve a personal fitness goal.,Set and achieve a personal fitness goal.,5,10,Short-Term,3549
7,Learn a new language or skill.,Learn a new language or skill.,5,7,Long-Term,3550
7,Practice mindfulness or meditation daily.,Practice mindfulness or meditation daily.,5,7,Short-Term,3551
7,Exercise regularly and maintain a fitness routine.,Exercise regularly and maintain a fitness routine.,6,8,Long-Term,3552
7,Eat a balanced and healthy diet.,Eat a balanced and healthy diet.,6,7,Short-Term,3553
7,Get regular medical check-ups.,Get regular medical check-ups.,6,7,Long-Term,3554
7,Practice daily mental health exercises.,Practice daily mental health exercises.,6,7,Short-Term,3555
7,Ensure proper sleep hygiene.,Ensure proper sleep hygiene.,6,8,Short-Term,3556
7,Attend a professional workshop or seminar.,Attend a professional workshop or seminar.,7,9,Short-Term,3557
7,Achieve a new certification relevant to your field.,Achieve a new certification relevant to your field.,7,9,Short-Term,3558
7,Set and work towards career advancement goals.,Set and work towards career advancement goals.,7,7,Short-Term,3559
7,Improve your networking skills by attending industry events.,Improve your networking skills by attending industry events.,7,7,Short-Term,3560
7,Develop a new skill or competency.,Develop a new skill or competency.,7,7,Long-Term,3561
7,Create and follow a personal budget.,Create and follow a personal budget.,8,7,Long-Term,3562
7,Start an emergency savings fund.,Start an emergency savings fund.,8,8,Long-Term,3563
7,Invest in long-term financial growth.,Invest in long-term financial growth.,8,8,Short-Term,3564
7,Pay off any outstanding debt.,Pay off any outstanding debt.,8,10,Long-Term,3565
7,Plan for future financial milestones like retirement.,Plan for future financial milestones like retirement.,8,10,Long-Term,3566
7,Volunteer for a local charity or cause.,Volunteer for a local charity or cause.,9,10,Short-Term,3567
7,Participate in a community clean-up event.,Participate in a community clean-up event.,9,10,Short-Term,3568
7,Donate to a cause you care about.,Donate to a cause you care about.,9,9,Short-Term,3569
7,Support a local business or initiative.,Support a local business or initiative.,9,9,Long-Term,3570
7,Get involved in local government or activism.,Get involved in local government or activism.,9,9,Long-Term,3571
7,Plan a leisure trip or vacation.,Plan a leisure trip or vacation.,10,8,Long-Term,3572
7,Engage in a new hobby or pastime.,Engage in a new hobby or pastime.,10,9,Long-Term,3573
7,Take time off to relax and unwind.,Take time off to relax and unwind.,10,8,Short-Term,3574
7,Explore local cultural or recreational activities.,Explore local cultural or recreational activities.,10,10,Long-Term,3575
7,Spend time outdoors or in nature.,Spend time outdoors or in nature.,10,8,Long-Term,3576
8,Plan a family weekend outing.,Plan a family weekend outing.,4,9,Short-Term,3577
8,Host a family dinner night every week.,Host a family dinner night every week.,4,8,Short-Term,3578
8,Create a family budget and stick to it.,Create a family budget and stick to it.,4,7,Short-Term,3579
8,Start a family book club.,Start a family book club.,4,10,Long-Term,3580
8,Volunteer together as a family.,Volunteer together as a family.,4,10,Short-Term,3581
8,Complete a personal development course.,Complete a personal development course.,5,8,Long-Term,3582
8,Read a new self-help book each month.,Read a new self-help book each month.,5,7,Short-Term,3583
8,Set and achieve a personal fitness goal.,Set and achieve a personal fitness goal.,5,7,Short-Term,3584
8,Learn a new language or skill.,Learn a new language or skill.,5,10,Long-Term,3585
8,Practice mindfulness or meditation daily.,Practice mindfulness or meditation daily.,5,10,Long-Term,3586
8,Exercise regularly and maintain a fitness routine.,Exercise regularly and maintain a fitness routine.,6,7,Short-Term,3587
8,Eat a balanced and healthy diet.,Eat a balanced and healthy diet.,6,8,Long-Term,3588
8,Get regular medical check-ups.,Get regular medical check-ups.,6,10,Short-Term,3589
8,Practice daily mental health exercises.,Practice daily mental health exercises.,6,9,Long-Term,3590
8,Ensure proper sleep hygiene.,Ensure proper sleep hygiene.,6,9,Short-Term,3591
8,Attend a professional workshop or seminar.,Attend a professional workshop or seminar.,7,7,Long-Term,3592
8,Achieve a new certification relevant to your field.,Achieve a new certification relevant to your field.,7,9,Short-Term,3593
8,Set and work towards career advancement goals.,Set and work towards career advancement goals.,7,10,Short-Term,3594
8,Improve your networking skills by attending industry events.,Improve your networking skills by attending industry events.,7,8,Long-Term,3595
8,Develop a new skill or competency.,Develop a new skill or competency.,7,7,Long-Term,3596
8,Create and follow a personal budget.,Create and follow a personal budget.,8,10,Long-Term,3597
8,Start an emergency savings fund.,Start an emergency savings fund.,8,10,Long-Term,3598
8,Invest in long-term financial growth.,Invest in long-term financial growth.,8,9,Short-Term,3599
8,Pay off any outstanding debt.,Pay off any outstanding debt.,8,10,Short-Term,3600
8,Plan for future financial milestones like retirement.,Plan for future financial milestones like retirement.,8,9,Long-Term,3601
8,Volunteer for a local charity or cause.,Volunteer for a local charity or cause.,9,10,Long-Term,3602
8,Participate in a community clean-up event.,Participate in a community clean-up event.,9,10,Short-Term,3603
8,Donate to a cause you care about.,Donate to a cause you care about.,9,10,Long-Term,3604
8,Support a local business or initiative.,Support a local business or initiative.,9,7,Short-Term,3605
8,Get involved in local government or activism.,Get involved in local government or activism.,9,9,Short-Term,3606
8,Plan a leisure trip or vacation.,Plan a leisure trip or vacation.,10,10,Long-Term,3607
8,Engage in a new hobby or pastime.,Engage in a new hobby or pastime.,10,10,Short-Term,3608
8,Take time off to relax and unwind.,Take time off to relax and unwind.,10,7,Long-Term,3609
8,Explore local cultural or recreational activities.,Explore local cultural or recreational activities.,10,8,Long-Term,3610
8,Spend time outdoors or in nature.,Spend time outdoors or in nature.,10,10,Short-Term,3611
9,Plan a family weekend outing.,Plan a family weekend outing.,4,7,Long-Term,3612
9,Host a family dinner night every week.,Host a family dinner night every week.,4,8,Long-Term,3613
9,Create a family budget and stick to it.,Create a family budget and stick to it.,4,7,Short-Term,3614
9,Start a family book club.,Start a family book club.,4,8,Long-Term,3615
9,Volunteer together as a family.,Volunteer together as a family.,4,10,Short-Term,3616
9,Complete a personal development course.,Complete a personal development course.,5,9,Short-Term,3617
9,Read a new self-help book each month.,Read a new self-help book each month.,5,8,Long-Term,3618
9,Set and achieve a personal fitness goal.,Set and achieve a personal fitness goal.,5,10,Long-Term,3619
9,Learn a new language or skill.,Learn a new language or skill.,5,10,Long-Term,3620
9,Practice mindfulness or meditation daily.,Practice mindfulness or meditation daily.,5,9,Short-Term,3621
9,Exercise regularly and maintain a fitness routine.,Exercise regularly and maintain a fitness routine.,6,7,Long-Term,3622
9,Eat a balanced and healthy diet.,Eat a balanced and healthy diet.,6,9,Short-Term,3623
9,Get regular medical check-ups.,Get regular medical check-ups.,6,9,Short-Term,3624
9,Practice daily mental health exercises.,Practice daily mental health exercises.,6,9,Long-Term,3625
9,Ensure proper sleep hygiene.,Ensure proper sleep hygiene.,6,9,Short-Term,3626
9,Attend a professional workshop or seminar.,Attend a professional workshop or seminar.,7,9,Short-Term,3627
9,Achieve a new certification relevant to your field.,Achieve a new certification relevant to your field.,7,7,Short-Term,3628
9,Set and work towards career advancement goals.,Set and work towards career advancement goals.,7,9,Short-Term,3629
9,Improve your networking skills by attending industry events.,Improve your networking skills by attending industry events.,7,9,Long-Term,3630
9,Develop a new skill or competency.,Develop a new skill or competency.,7,10,Short-Term,3631
9,Create and follow a personal budget.,Create and follow a personal budget.,8,10,Short-Term,3632
9,Start an emergency savings fund.,Start an emergency savings fund.,8,9,Short-Term,3633
9,Invest in long-term financial growth.,Invest in long-term financial growth.,8,7,Short-Term,3634
9,Pay off any outstanding debt.,Pay off any outstanding debt.,8,8,Short-Term,3635
9,Plan for future financial milestones like retirement.,Plan for future financial milestones like retirement.,8,10,Short-Term,3636
9,Volunteer for a local charity or cause.,Volunteer for a local charity or cause.,9,7,Short-Term,3637
9,Participate in a community clean-up event.,Participate in a community clean-up event.,9,7,Short-Term,3638
9,Donate to a cause you care about.,Donate to a cause you care about.,9,8,Long-Term,3639
9,Support a local business or initiative.,Support a local business or initiative.,9,9,Long-Term,3640
9,Get involved in local government or activism.,Get involved in local government or activism.,9,7,Long-Term,3641
9,Plan a leisure trip or vacation.,Plan a leisure trip or vacation.,10,9,Long-Term,3642
9,Engage in a new hobby or pastime.,Engage in a new hobby or pastime.,10,7,Short-Term,3643
9,Take time off to relax and unwind.,Take time off to relax and unwind.,10,9,Short-Term,3644
9,Explore local cultural or recreational activities.,Explore local cultural or recreational activities.,10,7,Short-Term,3645
9,Spend time outdoors or in nature.,Spend time outdoors or in nature.,10,8,Long-Term,3646
10,Plan a family weekend outing.,Plan a family weekend outing.,4,7,Long-Term,3647
10,Host a family dinner night every week.,Host a family dinner night every week.,4,8,Short-Term,3648
10,Create a family budget and stick to it.,Create a family budget and stick to it.,4,7,Long-Term,3649
10,Start a family book club.,Start a family book club.,4,7,Short-Term,3650
10,Volunteer together as a family.,Volunteer together as a family.,4,9,Long-Term,3651
10,Complete a personal development course.,Complete a personal development course.,5,9,Short-Term,3652
10,Read a new self-help book each month.,Read a new self-help book each month.,5,10,Short-Term,3653
10,Set and achieve a personal fitness goal.,Set and achieve a personal fitness goal.,5,7,Long-Term,3654
10,Learn a new language or skill.,Learn a new language or skill.,5,10,Long-Term,3655
10,Practice mindfulness or meditation daily.,Practice mindfulness or meditation daily.,5,8,Short-Term,3656
10,Exercise regularly and maintain a fitness routine.,Exercise regularly and maintain a fitness routine.,6,10,Long-Term,3657
10,Eat a balanced and healthy diet.,Eat a balanced and healthy diet.,6,10,Short-Term,3658
10,Get regular medical check-ups.,Get regular medical check-ups.,6,8,Long-Term,3659
10,Practice daily mental health exercises.,Practice daily mental health exercises.,6,9,Short-Term,3660
10,Ensure proper sleep hygiene.,Ensure proper sleep hygiene.,6,8,Long-Term,3661
10,Attend a professional workshop or seminar.,Attend a professional workshop or seminar.,7,9,Long-Term,3662
10,Achieve a new certification relevant to your field.,Achieve a new certification relevant to your field.,7,10,Long-Term,3663
10,Set and work towards career advancement goals.,Set and work towards career advancement goals.,7,7,Long-Term,3664
10,Improve your networking skills by attending industry events.,Improve your networking skills by attending industry events.,7,9,Short-Term,3665
10,Develop a new skill or competency.,Develop a new skill or competency.,7,9,Long-Term,3666
10,Create and follow a personal budget.,Create and follow a personal budget.,8,9,Long-Term,3667
10,Start an emergency savings fund.,Start an emergency savings fund.,8,10,Long-Term,3668
10,Invest in long-term financial growth.,Invest in long-term financial growth.,8,7,Short-Term,3669
10,Pay off any outstanding debt.,Pay off any outstanding debt.,8,9,Long-Term,3670
10,Plan for future financial milestones like retirement.,Plan for future financial milestones like retirement.,8,7,Short-Term,3671
10,Volunteer for a local charity or cause.,Volunteer for a local charity or cause.,9,10,Short-Term,3672
10,Participate in a community clean-up event.,Participate in a community clean-up event.,9,10,Long-Term,3673
10,Donate to a cause you care about.,Donate to a cause you care about.,9,7,Short-Term,3674
10,Support a local business or initiative.,Support a local business or initiative.,9,10,Long-Term,3675
10,Get involved in local government or activism.,Get involved in local government or activism.,9,9,Short-Term,3676
10,Plan a leisure trip or vacation.,Plan a leisure trip or vacation.,10,7,Long-Term,3677
10,Engage in a new hobby or pastime.,Engage in a new hobby or pastime.,10,7,Long-Term,3678
10,Take time off to relax and unwind.,Take time off to relax and unwind.,10,10,Long-Term,3679
10,Explore local cultural or recreational activities.,Explore local cultural or recreational activities.,10,9,Short-Term,3680
10,Spend time outdoors or in nature.,Spend time outdoors or in nature.,10,10,Short-Term,3681
11,Plan a family weekend outing.,Plan a family weekend outing.,4,10,Short-Term,3682
11,Host a family dinner night every week.,Host a family dinner night every week.,4,9,Long-Term,3683
11,Create a family budget and stick to it.,Create a family budget and stick to it.,4,8,Short-Term,3684
11,Start a family book club.,Start a family book club.,4,8,Long-Term,3685
11,Volunteer together as a family.,Volunteer together as a family.,4,10,Short-Term,3686
11,Complete a personal development course.,Complete a personal development course.,5,9,Long-Term,3687
11,Read a new self-help book each month.,Read a new self-help book each month.,5,8,Long-Term,3688
11,Set and achieve a personal fitness goal.,Set and achieve a personal fitness goal.,5,10,Short-Term,3689
11,Learn a new language or skill.,Learn a new language or skill.,5,9,Short-Term,3690
11,Practice mindfulness or meditation daily.,Practice mindfulness or meditation daily.,5,9,Short-Term,3691
11,Exercise regularly and maintain a fitness routine.,Exercise regularly and maintain a fitness routine.,6,8,Long-Term,3692
11,Eat a balanced and healthy diet.,Eat a balanced and healthy diet.,6,8,Long-Term,3693
11,Get regular medical check-ups.,Get regular medical check-ups.,6,10,Long-Term,3694
11,Practice daily mental health exercises.,Practice daily mental health exercises.,6,8,Long-Term,3695
11,Ensure proper sleep hygiene.,Ensure proper sleep hygiene.,6,7,Long-Term,3696
11,Attend a professional workshop or seminar.,Attend a professional workshop or seminar.,7,9,Short-Term,3697
11,Achieve a new certification relevant to your field.,Achieve a new certification relevant to your field.,7,8,Long-Term,3698
11,Set and work towards career advancement goals.,Set and work towards career advancement goals.,7,10,Short-Term,3699
11,Improve your networking skills by attending industry events.,Improve your networking skills by attending industry events.,7,7,Short-Term,3700
11,Develop a new skill or competency.,Develop a new skill or competency.,7,9,Short-Term,3701
11,Create and follow a personal budget.,Create and follow a personal budget.,8,10,Long-Term,3702
11,Start an emergency savings fund.,Start an emergency savings fund.,8,10,Short-Term,3703
11,Invest in long-term financial growth.,Invest in long-term financial growth.,8,7,Long-Term,3704
11,Pay off any outstanding debt.,Pay off any outstanding debt.,8,8,Long-Term,3705
11,Plan for future financial milestones like retirement.,Plan for future financial milestones like retirement.,8,9,Long-Term,3706
11,Volunteer for a local charity or cause.,Volunteer for a local charity or cause.,9,8,Short-Term,3707
11,Participate in a community clean-up event.,Participate in a community clean-up event.,9,9,Long-Term,3708
11,Donate to a cause you care about.,Donate to a cause you care about.,9,7,Long-Term,3709
11,Support a local business or initiative.,Support a local business or initiative.,9,9,Long-Term,3710
11,Get involved in local government or activism.,Get involved in local government or activism.,9,8,Long-Term,3711
11,Plan a leisure trip or vacation.,Plan a leisure trip or vacation.,10,10,Long-Term,3712
11,Engage in a new hobby or pastime.,Engage in a new hobby or pastime.,10,7,Short-Term,3713
11,Take time off to relax and unwind.,Take time off to relax and unwind.,10,8,Long-Term,3714
11,Explore local cultural or recreational activities.,Explore local cultural or recreational activities.,10,7,Long-Term,3715
11,Spend time outdoors or in nature.,Spend time outdoors or in nature.,10,8,Short-Term,3716
12,Plan a family weekend outing.,Plan a family weekend outing.,4,9,Long-Term,3717
12,Host a family dinner night every week.,Host a family dinner night every week.,4,10,Short-Term,3718
12,Create a family budget and stick to it.,Create a family budget and stick to it.,4,7,Long-Term,3719
12,Start a family book club.,Start a family book club.,4,10,Short-Term,3720
12,Volunteer together as a family.,Volunteer together as a family.,4,9,Short-Term,3721
12,Complete a personal development course.,Complete a personal development course.,5,10,Long-Term,3722
12,Read a new self-help book each month.,Read a new self-help book each month.,5,10,Short-Term,3723
12,Set and achieve a personal fitness goal.,Set and achieve a personal fitness goal.,5,8,Long-Term,3724
12,Learn a new language or skill.,Learn a new language or skill.,5,10,Long-Term,3725
12,Practice mindfulness or meditation daily.,Practice mindfulness or meditation daily.,5,8,Short-Term,3726
12,Exercise regularly and maintain a fitness routine.,Exercise regularly and maintain a fitness routine.,6,9,Long-Term,3727
12,Eat a balanced and healthy diet.,Eat a balanced and healthy diet.,6,10,Short-Term,3728
12,Get regular medical check-ups.,Get regular medical check-ups.,6,10,Short-Term,3729
12,Practice daily mental health exercises.,Practice daily mental health exercises.,6,8,Short-Term,3730
12,Ensure proper sleep hygiene.,Ensure proper sleep hygiene.,6,8,Long-Term,3731
12,Attend a professional workshop or seminar.,Attend a professional workshop or seminar.,7,10,Short-Term,3732
12,Achieve a new certification relevant to your field.,Achieve a new certification relevant to your field.,7,10,Short-Term,3733
12,Set and work towards career advancement goals.,Set and work towards career advancement goals.,7,9,Long-Term,3734
12,Improve your networking skills by attending industry events.,Improve your networking skills by attending industry events.,7,10,Short-Term,3735
12,Develop a new skill or competency.,Develop a new skill or competency.,7,9,Long-Term,3736
12,Create and follow a personal budget.,Create and follow a personal budget.,8,7,Short-Term,3737
12,Start an emergency savings fund.,Start an emergency savings fund.,8,7,Long-Term,3738
12,Invest in long-term financial growth.,Invest in long-term financial growth.,8,9,Short-Term,3739
12,Pay off any outstanding debt.,Pay off any outstanding debt.,8,10,Long-Term,3740
12,Plan for future financial milestones like retirement.,Plan for future financial milestones like retirement.,8,8,Long-Term,3741
12,Volunteer for a local charity or cause.,Volunteer for a local charity or cause.,9,8,Short-Term,3742
12,Participate in a community clean-up event.,Participate in a community clean-up event.,9,9,Long-Term,3743
12,Donate to a cause you care about.,Donate to a cause you care about.,9,9,Long-Term,3744
12,Support a local business or initiative.,Support a local business or initiative.,9,8,Short-Term,3745
12,Get involved in local government or activism.,Get involved in local government or activism.,9,7,Short-Term,3746
12,Plan a leisure trip or vacation.,Plan a leisure trip or vacation.,10,8,Short-Term,3747
12,Engage in a new hobby or pastime.,Engage in a new hobby or pastime.,10,9,Long-Term,3748
12,Take time off to relax and unwind.,Take time off to relax and unwind.,10,7,Long-Term,3749
12,Explore local cultural or recreational activities.,Explore local cultural or recreational activities.,10,9,Long-Term,3750
12,Spend time outdoors or in nature.,Spend time outdoors or in nature.,10,9,Short-Term,3751
13,Plan a family weekend outing.,Plan a family weekend outing.,4,10,Long-Term,3752
13,Host a family dinner night every week.,Host a family dinner night every week.,4,7,Short-Term,3753
13,Create a family budget and stick to it.,Create a family budget and stick to it.,4,7,Long-Term,3754
13,Start a family book club.,Start a family book club.,4,9,Short-Term,3755
13,Volunteer together as a family.,Volunteer together as a family.,4,7,Long-Term,3756
13,Complete a personal development course.,Complete a personal development course.,5,8,Short-Term,3757
13,Read a new self-help book each month.,Read a new self-help book each month.,5,8,Long-Term,3758
13,Set and achieve a personal fitness goal.,Set and achieve a personal fitness goal.,5,10,Long-Term,3759
13,Learn a new language or skill.,Learn a new language or skill.,5,10,Short-Term,3760
13,Practice mindfulness or meditation daily.,Practice mindfulness or meditation daily.,5,7,Long-Term,3761
13,Exercise regularly and maintain a fitness routine.,Exercise regularly and maintain a fitness routine.,6,10,Long-Term,3762
13,Eat a balanced and healthy diet.,Eat a balanced and healthy diet.,6,8,Short-Term,3763
13,Get regular medical check-ups.,Get regular medical check-ups.,6,9,Short-Term,3764
13,Practice daily mental health exercises.,Practice daily mental health exercises.,6,8,Short-Term,3765
13,Ensure proper sleep hygiene.,Ensure proper sleep hygiene.,6,8,Long-Term,3766
13,Attend a professional workshop or seminar.,Attend a professional workshop or seminar.,7,7,Short-Term,3767
13,Achieve a new certification relevant to your field.,Achieve a new certification relevant to your field.,7,8,Long-Term,3768
13,Set and work towards career advancement goals.,Set and work towards career advancement goals.,7,8,Long-Term,3769
13,Improve your networking skills by attending industry events.,Improve your networking skills by attending industry events.,7,10,Short-Term,3770
13,Develop a new skill or competency.,Develop a new skill or competency.,7,7,Long-Term,3771
13,Create and follow a personal budget.,Create and follow a personal budget.,8,8,Long-Term,3772
13,Start an emergency savings fund.,Start an emergency savings fund.,8,9,Short-Term,3773
13,Invest in long-term financial growth.,Invest in long-term financial growth.,8,8,Long-Term,3774
13,Pay off any outstanding debt.,Pay off any outstanding debt.,8,8,Long-Term,3775
13,Plan for future financial milestones like retirement.,Plan for future financial milestones like retirement.,8,9,Short-Term,3776
13,Volunteer for a local charity or cause.,Volunteer for a local charity or cause.,9,9,Long-Term,3777
13,Participate in a community clean-up event.,Participate in a community clean-up event.,9,7,Long-Term,3778
13,Donate to a cause you care about.,Donate to a cause you care about.,9,8,Long-Term,3779
13,Support a local business or initiative.,Support a local business or initiative.,9,10,Long-Term,3780
13,Get involved in local government or activism.,Get involved in local government or activism.,9,10,Long-Term,3781
13,Plan a leisure trip or vacation.,Plan a leisure trip or vacation.,10,10,Long-Term,3782
13,Engage in a new hobby or pastime.,Engage in a new hobby or pastime.,10,7,Short-Term,3783
13,Take time off to relax and unwind.,Take time off to relax and unwind.,10,7,Short-Term,3784
13,Explore local cultural or recreational activities.,Explore local cultural or recreational activities.,10,7,Short-Term,3785
13,Spend time outdoors or in nature.,Spend time outdoors or in nature.,10,9,Long-Term,3786
14,Plan a family weekend outing.,Plan a family weekend outing.,4,9,Long-Term,3787
14,Host a family dinner night every week.,Host a family dinner night every week.,4,7,Long-Term,3788
14,Create a family budget and stick to it.,Create a family budget and stick to it.,4,10,Short-Term,3789
14,Start a family book club.,Start a family book club.,4,10,Long-Term,3790
14,Volunteer together as a family.,Volunteer together as a family.,4,10,Long-Term,3791
14,Complete a personal development course.,Complete a personal development course.,5,8,Short-Term,3792
14,Read a new self-help book each month.,Read a new self-help book each month.,5,7,Short-Term,3793
14,Set and achieve a personal fitness goal.,Set and achieve a personal fitness goal.,5,10,Short-Term,3794
14,Learn a new language or skill.,Learn a new language or skill.,5,10,Short-Term,3795
14,Practice mindfulness or meditation daily.,Practice mindfulness or meditation daily.,5,8,Short-Term,3796
14,Exercise regularly and maintain a fitness routine.,Exercise regularly and maintain a fitness routine.,6,10,Short-Term,3797
14,Eat a balanced and healthy diet.,Eat a balanced and healthy diet.,6,7,Long-Term,3798
14,Get regular medical check-ups.,Get regular medical check-ups.,6,9,Long-Term,3799
14,Practice daily mental health exercises.,Practice daily mental health exercises.,6,10,Long-Term,3800
14,Ensure proper sleep hygiene.,Ensure proper sleep hygiene.,6,10,Long-Term,3801
14,Attend a professional workshop or seminar.,Attend a professional workshop or seminar.,7,10,Long-Term,3802
14,Achieve a new certification relevant to your field.,Achieve a new certification relevant to your field.,7,9,Long-Term,3803
14,Set and work towards career advancement goals.,Set and work towards career advancement goals.,7,7,Long-Term,3804
14,Improve your networking skills by attending industry events.,Improve your networking skills by attending industry events.,7,10,Short-Term,3805
14,Develop a new skill or competency.,Develop a new skill or competency.,7,8,Short-Term,3806
14,Create and follow a personal budget.,Create and follow a personal budget.,8,10,Long-Term,3807
14,Start an emergency savings fund.,Start an emergency savings fund.,8,9,Short-Term,3808
14,Invest in long-term financial growth.,Invest in long-term financial growth.,8,10,Long-Term,3809
14,Pay off any outstanding debt.,Pay off any outstanding debt.,8,9,Long-Term,3810
14,Plan for future financial milestones like retirement.,Plan for future financial milestones like retirement.,8,9,Long-Term,3811
14,Volunteer for a local charity or cause.,Volunteer for a local charity or cause.,9,10,Long-Term,3812
14,Participate in a community clean-up event.,Participate in a community clean-up event.,9,9,Short-Term,3813
14,Donate to a cause you care about.,Donate to a cause you care about.,9,7,Short-Term,3814
14,Support a local business or initiative.,Support a local business or initiative.,9,9,Long-Term,3815
14,Get involved in local government or activism.,Get involved in local government or activism.,9,9,Long-Term,3816
14,Plan a leisure trip or vacation.,Plan a leisure trip or vacation.,10,7,Short-Term,3817
14,Engage in a new hobby or pastime.,Engage in a new hobby or pastime.,10,8,Short-Term,3818
14,Take time off to relax and unwind.,Take time off to relax and unwind.,10,10,Long-Term,3819
14,Explore local cultural or recreational activities.,Explore local cultural or recreational activities.,10,7,Long-Term,3820
14,Spend time outdoors or in nature.,Spend time outdoors or in nature.,10,10,Short-Term,3821
15,Plan a family weekend outing.,Plan a family weekend outing.,4,7,Short-Term,3822
15,Host a family dinner night every week.,Host a family dinner night every week.,4,10,Long-Term,3823
15,Create a family budget and stick to it.,Create a family budget and stick to it.,4,10,Short-Term,3824
15,Start a family book club.,Start a family book club.,4,10,Long-Term,3825
15,Volunteer together as a family.,Volunteer together as a family.,4,8,Long-Term,3826
15,Complete a personal development course.,Complete a personal development course.,5,8,Short-Term,3827
15,Read a new self-help book each month.,Read a new self-help book each month.,5,10,Short-Term,3828
15,Set and achieve a personal fitness goal.,Set and achieve a personal fitness goal.,5,7,Short-Term,3829
15,Learn a new language or skill.,Learn a new language or skill.,5,8,Long-Term,3830
15,Practice mindfulness or meditation daily.,Practice mindfulness or meditation daily.,5,8,Long-Term,3831
15,Exercise regularly and maintain a fitness routine.,Exercise regularly and maintain a fitness routine.,6,7,Long-Term,3832
15,Eat a balanced and healthy diet.,Eat a balanced and healthy diet.,6,7,Short-Term,3833
15,Get regular medical check-ups.,Get regular medical check-ups.,6,7,Long-Term,3834
15,Practice daily mental health exercises.,Practice daily mental health exercises.,6,8,Long-Term,3835
15,Ensure proper sleep hygiene.,Ensure proper sleep hygiene.,6,7,Short-Term,3836
15,Attend a professional workshop or seminar.,Attend a professional workshop or seminar.,7,7,Long-Term,3837
15,Achieve a new certification relevant to your field.,Achieve a new certification relevant to your field.,7,9,Short-Term,3838
15,Set and work towards career advancement goals.,Set and work towards career advancement goals.,7,10,Long-Term,3839
15,Improve your networking skills by attending industry events.,Improve your networking skills by attending industry events.,7,10,Short-Term,3840
15,Develop a new skill or competency.,Develop a new skill or competency.,7,10,Long-Term,3841
15,Create and follow a personal budget.,Create and follow a personal budget.,8,10,Short-Term,3842
15,Start an emergency savings fund.,Start an emergency savings fund.,8,7,Short-Term,3843
15,Invest in long-term financial growth.,Invest in long-term financial growth.,8,8,Short-Term,3844
15,Pay off any outstanding debt.,Pay off any outstanding debt.,8,9,Short-Term,3845
15,Plan for future financial milestones like retirement.,Plan for future financial milestones like retirement.,8,10,Short-Term,3846
15,Volunteer for a local charity or cause.,Volunteer for a local charity or cause.,9,7,Long-Term,3847
15,Participate in a community clean-up event.,Participate in a community clean-up event.,9,9,Short-Term,3848
15,Donate to a cause you care about.,Donate to a cause you care about.,9,9,Short-Term,3849
15,Support a local business or initiative.,Support a local business or initiative.,9,10,Long-Term,3850
15,Get involved in local government or activism.,Get involved in local government or activism.,9,9,Long-Term,3851
15,Plan a leisure trip or vacation.,Plan a leisure trip or vacation.,10,7,Long-Term,3852
15,Engage in a new hobby or pastime.,Engage in a new hobby or pastime.,10,8,Long-Term,3853
15,Take time off to relax and unwind.,Take time off to relax and unwind.,10,9,Long-Term,3854
15,Explore local cultural or recreational activities.,Explore local cultural or recreational activities.,10,7,Short-Term,3855
15,Spend time outdoors or in nature.,Spend time outdoors or in nature.,10,8,Long-Term,3856
16,Plan a family weekend outing.,Plan a family weekend outing.,4,7,Long-Term,3857
16,Host a family dinner night every week.,Host a family dinner night every week.,4,10,Short-Term,3858
16,Create a family budget and stick to it.,Create a family budget and stick to it.,4,7,Long-Term,3859
16,Start a family book club.,Start a family book club.,4,10,Long-Term,3860
16,Volunteer together as a family.,Volunteer together as a family.,4,7,Short-Term,3861
16,Complete a personal development course.,Complete a personal development course.,5,7,Short-Term,3862
16,Read a new self-help book each month.,Read a new self-help book each month.,5,10,Short-Term,3863
16,Set and achieve a personal fitness goal.,Set and achieve a personal fitness goal.,5,10,Long-Term,3864
16,Learn a new language or skill.,Learn a new language or skill.,5,8,Long-Term,3865
16,Practice mindfulness or meditation daily.,Practice mindfulness or meditation daily.,5,8,Short-Term,3866
16,Exercise regularly and maintain a fitness routine.,Exercise regularly and maintain a fitness routine.,6,10,Long-Term,3867
16,Eat a balanced and healthy diet.,Eat a balanced and healthy diet.,6,9,Short-Term,3868
16,Get regular medical check-ups.,Get regular medical check-ups.,6,7,Long-Term,3869
16,Practice daily mental health exercises.,Practice daily mental health exercises.,6,9,Long-Term,3870
16,Ensure proper sleep hygiene.,Ensure proper sleep hygiene.,6,8,Long-Term,3871
16,Attend a professional workshop or seminar.,Attend a professional workshop or seminar.,7,10,Short-Term,3872
16,Achieve a new certification relevant to your field.,Achieve a new certification relevant to your field.,7,9,Long-Term,3873
16,Set and work towards career advancement goals.,Set and work towards career advancement goals.,7,10,Long-Term,3874
16,Improve your networking skills by attending industry events.,Improve your networking skills by attending industry events.,7,8,Long-Term,3875
16,Develop a new skill or competency.,Develop a new skill or competency.,7,9,Long-Term,3876
16,Create and follow a personal budget.,Create and follow a personal budget.,8,9,Short-Term,3877
16,Start an emergency savings fund.,Start an emergency savings fund.,8,8,Long-Term,3878
16,Invest in long-term financial growth.,Invest in long-term financial growth.,8,9,Short-Term,3879
16,Pay off any outstanding debt.,Pay off any outstanding debt.,8,7,Short-Term,3880
16,Plan for future financial milestones like retirement.,Plan for future financial milestones like retirement.,8,9,Long-Term,3881
16,Volunteer for a local charity or cause.,Volunteer for a local charity or cause.,9,7,Short-Term,3882
16,Participate in a community clean-up event.,Participate in a community clean-up event.,9,8,Long-Term,3883
16,Donate to a cause you care about.,Donate to a cause you care about.,9,8,Short-Term,3884
16,Support a local business or initiative.,Support a local business or initiative.,9,7,Short-Term,3885
16,Get involved in local government or activism.,Get involved in local government or activism.,9,10,Long-Term,3886
16,Plan a leisure trip or vacation.,Plan a leisure trip or vacation.,10,7,Short-Term,3887
16,Engage in a new hobby or pastime.,Engage in a new hobby or pastime.,10,8,Short-Term,3888
16,Take time off to relax and unwind.,Take time off to relax and unwind.,10,10,Short-Term,3889
16,Explore local cultural or recreational activities.,Explore local cultural or recreational activities.,10,7,Long-Term,3890
16,Spend time outdoors or in nature.,Spend time outdoors or in nature.,10,9,Short-Term,3891
17,Plan a family weekend outing.,Plan a family weekend outing.,4,10,Short-Term,3892
17,Host a family dinner night every week.,Host a family dinner night every week.,4,7,Long-Term,3893
17,Create a family budget and stick to it.,Create a family budget and stick to it.,4,9,Short-Term,3894
17,Start a family book club.,Start a family book club.,4,9,Long-Term,3895
17,Volunteer together as a family.,Volunteer together as a family.,4,8,Short-Term,3896
17,Complete a personal development course.,Complete a personal development course.,5,9,Short-Term,3897
17,Read a new self-help book each month.,Read a new self-help book each month.,5,10,Short-Term,3898
17,Set and achieve a personal fitness goal.,Set and achieve a personal fitness goal.,5,10,Short-Term,3899
17,Learn a new language or skill.,Learn a new language or skill.,5,7,Short-Term,3900
17,Practice mindfulness or meditation daily.,Practice mindfulness or meditation daily.,5,8,Short-Term,3901
17,Exercise regularly and maintain a fitness routine.,Exercise regularly and maintain a fitness routine.,6,8,Long-Term,3902
17,Eat a balanced and healthy diet.,Eat a balanced and healthy diet.,6,7,Long-Term,3903
17,Get regular medical check-ups.,Get regular medical check-ups.,6,9,Short-Term,3904
17,Practice daily mental health exercises.,Practice daily mental health exercises.,6,10,Long-Term,3905
17,Ensure proper sleep hygiene.,Ensure proper sleep hygiene.,6,9,Long-Term,3906
17,Attend a professional workshop or seminar.,Attend a professional workshop or seminar.,7,9,Long-Term,3907
17,Achieve a new certification relevant to your field.,Achieve a new certification relevant to your field.,7,10,Short-Term,3908
17,Set and work towards career advancement goals.,Set and work towards career advancement goals.,7,8,Long-Term,3909
17,Improve your networking skills by attending industry events.,Improve your networking skills by attending industry events.,7,7,Short-Term,3910
17,Develop a new skill or competency.,Develop a new skill or competency.,7,7,Long-Term,3911
17,Create and follow a personal budget.,Create and follow a personal budget.,8,10,Short-Term,3912
17,Start an emergency savings fund.,Start an emergency savings fund.,8,7,Long-Term,3913
17,Invest in long-term financial growth.,Invest in long-term financial growth.,8,7,Short-Term,3914
17,Pay off any outstanding debt.,Pay off any outstanding debt.,8,10,Long-Term,3915
17,Plan for future financial milestones like retirement.,Plan for future financial milestones like retirement.,8,7,Long-Term,3916
17,Volunteer for a local charity or cause.,Volunteer for a local charity or cause.,9,9,Short-Term,3917
17,Participate in a community clean-up event.,Participate in a community clean-up event.,9,8,Short-Term,3918
17,Donate to a cause you care about.,Donate to a cause you care about.,9,9,Short-Term,3919
17,Support a local business or initiative.,Support a local business or initiative.,9,7,Long-Term,3920
17,Get involved in local government or activism.,Get involved in local government or activism.,9,10,Short-Term,3921
17,Plan a leisure trip or vacation.,Plan a leisure trip or vacation.,10,8,Short-Term,3922
17,Engage in a new hobby or pastime.,Engage in a new hobby or pastime.,10,7,Short-Term,3923
17,Take time off to relax and unwind.,Take time off to relax and unwind.,10,7,Short-Term,3924
17,Explore local cultural or recreational activities.,Explore local cultural or recreational activities.,10,9,Short-Term,3925
17,Spend time outdoors or in nature.,Spend time outdoors or in nature.,10,10,Long-Term,3926
18,Plan a family weekend outing.,Plan a family weekend outing.,4,9,Long-Term,3927
18,Host a family dinner night every week.,Host a family dinner night every week.,4,7,Long-Term,3928
18,Create a family budget and stick to it.,Create a family budget and stick to it.,4,8,Short-Term,3929
18,Start a family book club.,Start a family book club.,4,10,Long-Term,3930
18,Volunteer together as a family.,Volunteer together as a family.,4,7,Short-Term,3931
18,Complete a personal development course.,Complete a personal development course.,5,10,Short-Term,3932
18,Read a new self-help book each month.,Read a new self-help book each month.,5,9,Short-Term,3933
18,Set and achieve a personal fitness goal.,Set and achieve a personal fitness goal.,5,7,Long-Term,3934
18,Learn a new language or skill.,Learn a new language or skill.,5,8,Long-Term,3935
18,Practice mindfulness or meditation daily.,Practice mindfulness or meditation daily.,5,10,Long-Term,3936
18,Exercise regularly and maintain a fitness routine.,Exercise regularly and maintain a fitness routine.,6,9,Short-Term,3937
18,Eat a balanced and healthy diet.,Eat a balanced and healthy diet.,6,8,Long-Term,3938
18,Get regular medical check-ups.,Get regular medical check-ups.,6,7,Long-Term,3939
18,Practice daily mental health exercises.,Practice daily mental health exercises.,6,8,Short-Term,3940
18,Ensure proper sleep hygiene.,Ensure proper sleep hygiene.,6,10,Short-Term,3941
18,Attend a professional workshop or seminar.,Attend a professional workshop or seminar.,7,10,Short-Term,3942
18,Achieve a new certification relevant to your field.,Achieve a new certification relevant to your field.,7,9,Short-Term,3943
18,Set and work towards career advancement goals.,Set and work towards career advancement goals.,7,7,Long-Term,3944
18,Improve your networking skills by attending industry events.,Improve your networking skills by attending industry events.,7,10,Short-Term,3945
18,Develop a new skill or competency.,Develop a new skill or competency.,7,7,Long-Term,3946
18,Create and follow a personal budget.,Create and follow a personal budget.,8,10,Long-Term,3947
18,Start an emergency savings fund.,Start an emergency savings fund.,8,8,Short-Term,3948
18,Invest in long-term financial growth.,Invest in long-term financial growth.,8,10,Short-Term,3949
18,Pay off any outstanding debt.,Pay off any outstanding debt.,8,10,Long-Term,3950
18,Plan for future financial milestones like retirement.,Plan for future financial milestones like retirement.,8,10,Short-Term,3951
18,Volunteer for a local charity or cause.,Volunteer for a local charity or cause.,9,10,Short-Term,3952
18,Participate in a community clean-up event.,Participate in a community clean-up event.,9,9,Long-Term,3953
18,Donate to a cause you care about.,Donate to a cause you care about.,9,7,Long-Term,3954
18,Support a local business or initiative.,Support a local business or initiative.,9,8,Short-Term,3955
18,Get involved in local government or activism.,Get involved in local government or activism.,9,8,Short-Term,3956
18,Plan a leisure trip or vacation.,Plan a leisure trip or vacation.,10,10,Short-Term,3957
18,Engage in a new hobby or pastime.,Engage in a new hobby or pastime.,10,7,Short-Term,3958
18,Take time off to relax and unwind.,Take time off to relax and unwind.,10,8,Short-Term,3959
18,Explore local cultural or recreational activities.,Explore local cultural or recreational activities.,10,8,Short-Term,3960
18,Spend time outdoors or in nature.,Spend time outdoors or in nature.,10,8,Short-Term,3961
19,Plan a family weekend outing.,Plan a family weekend outing.,4,9,Long-Term,3962
19,Host a family dinner night every week.,Host a family dinner night every week.,4,9,Short-Term,3963
19,Create a family budget and stick to it.,Create a family budget and stick to it.,4,7,Short-Term,3964
19,Start a family book club.,Start a family book club.,4,9,Long-Term,3965
19,Volunteer together as a family.,Volunteer together as a family.,4,10,Long-Term,3966
19,Complete a personal development course.,Complete a personal development course.,5,7,Long-Term,3967
19,Read a new self-help book each month.,Read a new self-help book each month.,5,7,Long-Term,3968
19,Set and achieve a personal fitness goal.,Set and achieve a personal fitness goal.,5,7,Short-Term,3969
19,Learn a new language or skill.,Learn a new language or skill.,5,7,Long-Term,3970
19,Practice mindfulness or meditation daily.,Practice mindfulness or meditation daily.,5,7,Short-Term,3971
19,Exercise regularly and maintain a fitness routine.,Exercise regularly and maintain a fitness routine.,6,8,Short-Term,3972
19,Eat a balanced and healthy diet.,Eat a balanced and healthy diet.,6,7,Long-Term,3973
19,Get regular medical check-ups.,Get regular medical check-ups.,6,10,Short-Term,3974
19,Practice daily mental health exercises.,Practice daily mental health exercises.,6,9,Long-Term,3975
19,Ensure proper sleep hygiene.,Ensure proper sleep hygiene.,6,8,Short-Term,3976
19,Attend a professional workshop or seminar.,Attend a professional workshop or seminar.,7,7,Short-Term,3977
19,Achieve a new certification relevant to your field.,Achieve a new certification relevant to your field.,7,9,Long-Term,3978
19,Set and work towards career advancement goals.,Set and work towards career advancement goals.,7,10,Long-Term,3979
19,Improve your networking skills by attending industry events.,Improve your networking skills by attending industry events.,7,10,Long-Term,3980
19,Develop a new skill or competency.,Develop a new skill or competency.,7,7,Long-Term,3981
19,Create and follow a personal budget.,Create and follow a personal budget.,8,7,Long-Term,3982
19,Start an emergency savings fund.,Start an emergency savings fund.,8,8,Short-Term,3983
19,Invest in long-term financial growth.,Invest in long-term financial growth.,8,7,Long-Term,3984
19,Pay off any outstanding debt.,Pay off any outstanding debt.,8,7,Short-Term,3985
19,Plan for future financial milestones like retirement.,Plan for future financial milestones like retirement.,8,8,Long-Term,3986
19,Volunteer for a local charity or cause.,Volunteer for a local charity or cause.,9,7,Long-Term,3987
19,Participate in a community clean-up event.,Participate in a community clean-up event.,9,8,Short-Term,3988
19,Donate to a cause you care about.,Donate to a cause you care about.,9,9,Short-Term,3989
19,Support a local business or initiative.,Support a local business or initiative.,9,8,Short-Term,3990
19,Get involved in local government or activism.,Get involved in local government or activism.,9,8,Short-Term,3991
19,Plan a leisure trip or vacation.,Plan a leisure trip or vacation.,10,10,Long-Term,3992
19,Engage in a new hobby or pastime.,Engage in a new hobby or pastime.,10,9,Long-Term,3993
19,Take time off to relax and unwind.,Take time off to relax and unwind.,10,9,Short-Term,3994
19,Explore local cultural or recreational activities.,Explore local cultural or recreational activities.,10,8,Short-Term,3995
19,Spend time outdoors or in nature.,Spend time outdoors or in nature.,10,10,Long-Term,3996
20,Plan a family weekend outing.,Plan a family weekend outing.,4,10,Long-Term,3997
20,Host a family dinner night every week.,Host a family dinner night every week.,4,10,Long-Term,3998
20,Create a family budget and stick to it.,Create a family budget and stick to it.,4,7,Short-Term,3999
20,Start a family book club.,Start a family book club.,4,8,Short-Term,4000
20,Volunteer together as a family.,Volunteer together as a family.,4,8,Short-Term,4001
20,Complete a personal development course.,Complete a personal development course.,5,7,Short-Term,4002
20,Read a new self-help book each month.,Read a new self-help book each month.,5,9,Long-Term,4003
20,Set and achieve a personal fitness goal.,Set and achieve a personal fitness goal.,5,7,Short-Term,4004
20,Learn a new language or skill.,Learn a new language or skill.,5,8,Long-Term,4005
20,Practice mindfulness or meditation daily.,Practice mindfulness or meditation daily.,5,8,Long-Term,4006
20,Exercise regularly and maintain a fitness routine.,Exercise regularly and maintain a fitness routine.,6,8,Long-Term,4007
20,Eat a balanced and healthy diet.,Eat a balanced and healthy diet.,6,8,Long-Term,4008
20,Get regular medical check-ups.,Get regular medical check-ups.,6,7,Short-Term,4009
20,Practice daily mental health exercises.,Practice daily mental health exercises.,6,7,Long-Term,4010
20,Ensure proper sleep hygiene.,Ensure proper sleep hygiene.,6,10,Long-Term,4011
20,Attend a professional workshop or seminar.,Attend a professional workshop or seminar.,7,8,Long-Term,4012
20,Achieve a new certification relevant to your field.,Achieve a new certification relevant to your field.,7,8,Long-Term,4013
20,Set and work towards career advancement goals.,Set and work towards career advancement goals.,7,9,Short-Term,4014
20,Improve your networking skills by attending industry events.,Improve your networking skills by attending industry events.,7,7,Long-Term,4015
20,Develop a new skill or competency.,Develop a new skill or competency.,7,10,Short-Term,4016
20,Create and follow a personal budget.,Create and follow a personal budget.,8,9,Short-Term,4017
20,Start an emergency savings fund.,Start an emergency savings fund.,8,9,Long-Term,4018
20,Invest in long-term financial growth.,Invest in long-term financial growth.,8,8,Long-Term,4019
20,Pay off any outstanding debt.,Pay off any outstanding debt.,8,9,Short-Term,4020
20,Plan for future financial milestones like retirement.,Plan for future financial milestones like retirement.,8,10,Long-Term,4021
20,Volunteer for a local charity or cause.,Volunteer for a local charity or cause.,9,8,Short-Term,4022
20,Participate in a community clean-up event.,Participate in a community clean-up event.,9,8,Short-Term,4023
20,Donate to a cause you care about.,Donate to a cause you care about.,9,10,Long-Term,4024
20,Support a local business or initiative.,Support a local business or initiative.,9,8,Short-Term,4025
20,Get involved in local government or activism.,Get involved in local government or activism.,9,8,Short-Term,4026
20,Plan a leisure trip or vacation.,Plan a leisure trip or vacation.,10,8,Long-Term,4027
20,Engage in a new hobby or pastime.,Engage in a new hobby or pastime.,10,7,Short-Term,4028
20,Take time off to relax and unwind.,Take time off to relax and unwind.,10,7,Long-Term,4029
20,Explore local cultural or recreational activities.,Explore local cultural or recreational activities.,10,8,Long-Term,4030
20,Spend time outdoors or in nature.,Spend time outdoors or in nature.,10,8,Long-Term,4031
21,Plan a family weekend outing.,Plan a family weekend outing.,4,10,Short-Term,4032
21,Host a family dinner night every week.,Host a family dinner night every week.,4,7,Long-Term,4033
21,Create a family budget and stick to it.,Create a family budget and stick to it.,4,8,Short-Term,4034
21,Start a family book club.,Start a family book club.,4,10,Short-Term,4035
21,Volunteer together as a family.,Volunteer together as a family.,4,10,Short-Term,4036
21,Complete a personal development course.,Complete a personal development course.,5,9,Short-Term,4037
21,Read a new self-help book each month.,Read a new self-help book each month.,5,8,Short-Term,4038
21,Set and achieve a personal fitness goal.,Set and achieve a personal fitness goal.,5,9,Short-Term,4039
21,Learn a new language or skill.,Learn a new language or skill.,5,10,Short-Term,4040
21,Practice mindfulness or meditation daily.,Practice mindfulness or meditation daily.,5,9,Long-Term,4041
21,Exercise regularly and maintain a fitness routine.,Exercise regularly and maintain a fitness routine.,6,8,Short-Term,4042
21,Eat a balanced and healthy diet.,Eat a balanced and healthy diet.,6,9,Long-Term,4043
21,Get regular medical check-ups.,Get regular medical check-ups.,6,8,Long-Term,4044
21,Practice daily mental health exercises.,Practice daily mental health exercises.,6,9,Short-Term,4045
21,Ensure proper sleep hygiene.,Ensure proper sleep hygiene.,6,8,Short-Term,4046
21,Attend a professional workshop or seminar.,Attend a professional workshop or seminar.,7,8,Long-Term,4047
21,Achieve a new certification relevant to your field.,Achieve a new certification relevant to your field.,7,9,Short-Term,4048
21,Set and work towards career advancement goals.,Set and work towards career advancement goals.,7,7,Long-Term,4049
21,Improve your networking skills by attending industry events.,Improve your networking skills by attending industry events.,7,7,Short-Term,4050
21,Develop a new skill or competency.,Develop a new skill or competency.,7,10,Long-Term,4051
21,Create and follow a personal budget.,Create and follow a personal budget.,8,8,Long-Term,4052
21,Start an emergency savings fund.,Start an emergency savings fund.,8,10,Short-Term,4053
21,Invest in long-term financial growth.,Invest in long-term financial growth.,8,8,Short-Term,4054
21,Pay off any outstanding debt.,Pay off any outstanding debt.,8,9,Long-Term,4055
21,Plan for future financial milestones like retirement.,Plan for future financial milestones like retirement.,8,10,Short-Term,4056
21,Volunteer for a local charity or cause.,Volunteer for a local charity or cause.,9,8,Long-Term,4057
21,Participate in a community clean-up event.,Participate in a community clean-up event.,9,7,Short-Term,4058
21,Donate to a cause you care about.,Donate to a cause you care about.,9,10,Long-Term,4059
21,Support a local business or initiative.,Support a local business or initiative.,9,10,Short-Term,4060
21,Get involved in local government or activism.,Get involved in local government or activism.,9,9,Long-Term,4061
21,Plan a leisure trip or vacation.,Plan a leisure trip or vacation.,10,7,Long-Term,4062
21,Engage in a new hobby or pastime.,Engage in a new hobby or pastime.,10,9,Long-Term,4063
21,Take time off to relax and unwind.,Take time off to relax and unwind.,10,9,Short-Term,4064
21,Explore local cultural or recreational activities.,Explore local cultural or recreational activities.,10,9,Long-Term,4065
21,Spend time outdoors or in nature.,Spend time outdoors or in nature.,10,10,Short-Term,4066
22,Plan a family weekend outing.,Plan a family weekend outing.,4,9,Long-Term,4067
22,Host a family dinner night every week.,Host a family dinner night every week.,4,8,Short-Term,4068
22,Create a family budget and stick to it.,Create a family budget and stick to it.,4,8,Short-Term,4069
22,Start a family book club.,Start a family book club.,4,9,Short-Term,4070
22,Volunteer together as a family.,Volunteer together as a family.,4,9,Short-Term,4071
22,Complete a personal development course.,Complete a personal development course.,5,7,Short-Term,4072
22,Read a new self-help book each month.,Read a new self-help book each month.,5,8,Short-Term,4073
22,Set and achieve a personal fitness goal.,Set and achieve a personal fitness goal.,5,10,Short-Term,4074
22,Learn a new language or skill.,Learn a new language or skill.,5,10,Short-Term,4075
22,Practice mindfulness or meditation daily.,Practice mindfulness or meditation daily.,5,7,Long-Term,4076
22,Exercise regularly and maintain a fitness routine.,Exercise regularly and maintain a fitness routine.,6,7,Short-Term,4077
22,Eat a balanced and healthy diet.,Eat a balanced and healthy diet.,6,7,Long-Term,4078
22,Get regular medical check-ups.,Get regular medical check-ups.,6,9,Long-Term,4079
22,Practice daily mental health exercises.,Practice daily mental health exercises.,6,8,Long-Term,4080
22,Ensure proper sleep hygiene.,Ensure proper sleep hygiene.,6,9,Long-Term,4081
22,Attend a professional workshop or seminar.,Attend a professional workshop or seminar.,7,10,Short-Term,4082
22,Achieve a new certification relevant to your field.,Achieve a new certification relevant to your field.,7,8,Long-Term,4083
22,Set and work towards career advancement goals.,Set and work towards career advancement goals.,7,7,Long-Term,4084
22,Improve your networking skills by attending industry events.,Improve your networking skills by attending industry events.,7,7,Short-Term,4085
22,Develop a new skill or competency.,Develop a new skill or competency.,7,8,Short-Term,4086
22,Create and follow a personal budget.,Create and follow a personal budget.,8,8,Long-Term,4087
22,Start an emergency savings fund.,Start an emergency savings fund.,8,7,Short-Term,4088
22,Invest in long-term financial growth.,Invest in long-term financial growth.,8,8,Short-Term,4089
22,Pay off any outstanding debt.,Pay off any outstanding debt.,8,7,Short-Term,4090
22,Plan for future financial milestones like retirement.,Plan for future financial milestones like retirement.,8,7,Short-Term,4091
22,Volunteer for a local charity or cause.,Volunteer for a local charity or cause.,9,8,Long-Term,4092
22,Participate in a community clean-up event.,Participate in a community clean-up event.,9,7,Long-Term,4093
22,Donate to a cause you care about.,Donate to a cause you care about.,9,10,Short-Term,4094
22,Support a local business or initiative.,Support a local business or initiative.,9,7,Long-Term,4095
22,Get involved in local government or activism.,Get involved in local government or activism.,9,9,Short-Term,4096
22,Plan a leisure trip or vacation.,Plan a leisure trip or vacation.,10,10,Long-Term,4097
22,Engage in a new hobby or pastime.,Engage in a new hobby or pastime.,10,7,Short-Term,4098
22,Take time off to relax and unwind.,Take time off to relax and unwind.,10,10,Long-Term,4099
22,Explore local cultural or recreational activities.,Explore local cultural or recreational activities.,10,10,Short-Term,4100
22,Spend time outdoors or in nature.,Spend time outdoors or in nature.,10,10,Short-Term,4101
23,Plan a family weekend outing.,Plan a family weekend outing.,4,9,Short-Term,4102
23,Host a family dinner night every week.,Host a family dinner night every week.,4,10,Long-Term,4103
23,Create a family budget and stick to it.,Create a family budget and stick to it.,4,10,Short-Term,4104
23,Start a family book club.,Start a family book club.,4,7,Long-Term,4105
23,Volunteer together as a family.,Volunteer together as a family.,4,7,Short-Term,4106
23,Complete a personal development course.,Complete a personal development course.,5,7,Long-Term,4107
23,Read a new self-help book each month.,Read a new self-help book each month.,5,7,Short-Term,4108
23,Set and achieve a personal fitness goal.,Set and achieve a personal fitness goal.,5,7,Long-Term,4109
23,Learn a new language or skill.,Learn a new language or skill.,5,10,Long-Term,4110
23,Practice mindfulness or meditation daily.,Practice mindfulness or meditation daily.,5,7,Long-Term,4111
23,Exercise regularly and maintain a fitness routine.,Exercise regularly and maintain a fitness routine.,6,10,Short-Term,4112
23,Eat a balanced and healthy diet.,Eat a balanced and healthy diet.,6,9,Short-Term,4113
23,Get regular medical check-ups.,Get regular medical check-ups.,6,9,Short-Term,4114
23,Practice daily mental health exercises.,Practice daily mental health exercises.,6,8,Short-Term,4115
23,Ensure proper sleep hygiene.,Ensure proper sleep hygiene.,6,10,Short-Term,4116
23,Attend a professional workshop or seminar.,Attend a professional workshop or seminar.,7,9,Short-Term,4117
23,Achieve a new certification relevant to your field.,Achieve a new certification relevant to your field.,7,10,Short-Term,4118
23,Set and work towards career advancement goals.,Set and work towards career advancement goals.,7,7,Short-Term,4119
23,Improve your networking skills by attending industry events.,Improve your networking skills by attending industry events.,7,8,Long-Term,4120
23,Develop a new skill or competency.,Develop a new skill or competency.,7,7,Short-Term,4121
23,Create and follow a personal budget.,Create and follow a personal budget.,8,9,Short-Term,4122
23,Start an emergency savings fund.,Start an emergency savings fund.,8,9,Long-Term,4123
23,Invest in long-term financial growth.,Invest in long-term financial growth.,8,8,Long-Term,4124
23,Pay off any outstanding debt.,Pay off any outstanding debt.,8,8,Short-Term,4125
23,Plan for future financial milestones like retirement.,Plan for future financial milestones like retirement.,8,9,Long-Term,4126
23,Volunteer for a local charity or cause.,Volunteer for a local charity or cause.,9,8,Long-Term,4127
23,Participate in a community clean-up event.,Participate in a community clean-up event.,9,10,Long-Term,4128
23,Donate to a cause you care about.,Donate to a cause you care about.,9,10,Long-Term,4129
23,Support a local business or initiative.,Support a local business or initiative.,9,7,Long-Term,4130
23,Get involved in local government or activism.,Get involved in local government or activism.,9,8,Short-Term,4131
23,Plan a leisure trip or vacation.,Plan a leisure trip or vacation.,10,8,Short-Term,4132
23,Engage in a new hobby or pastime.,Engage in a new hobby or pastime.,10,9,Long-Term,4133
23,Take time off to relax and unwind.,Take time off to relax and unwind.,10,9,Long-Term,4134
23,Explore local cultural or recreational activities.,Explore local cultural or recreational activities.,10,9,Short-Term,4135
23,Spend time outdoors or in nature.,Spend time outdoors or in nature.,10,7,Short-Term,4136
24,Plan a family weekend outing.,Plan a family weekend outing.,4,10,Long-Term,4137
24,Host a family dinner night every week.,Host a family dinner night every week.,4,10,Long-Term,4138
24,Create a family budget and stick to it.,Create a family budget and stick to it.,4,9,Long-Term,4139
24,Start a family book club.,Start a family book club.,4,7,Long-Term,4140
24,Volunteer together as a family.,Volunteer together as a family.,4,7,Short-Term,4141
24,Complete a personal development course.,Complete a personal development course.,5,7,Long-Term,4142
24,Read a new self-help book each month.,Read a new self-help book each month.,5,8,Long-Term,4143
24,Set and achieve a personal fitness goal.,Set and achieve a personal fitness goal.,5,7,Short-Term,4144
24,Learn a new language or skill.,Learn a new language or skill.,5,7,Long-Term,4145
24,Practice mindfulness or meditation daily.,Practice mindfulness or meditation daily.,5,10,Short-Term,4146
24,Exercise regularly and maintain a fitness routine.,Exercise regularly and maintain a fitness routine.,6,8,Long-Term,4147
24,Eat a balanced and healthy diet.,Eat a balanced and healthy diet.,6,10,Short-Term,4148
24,Get regular medical check-ups.,Get regular medical check-ups.,6,7,Long-Term,4149
24,Practice daily mental health exercises.,Practice daily mental health exercises.,6,8,Long-Term,4150
24,Ensure proper sleep hygiene.,Ensure proper sleep hygiene.,6,10,Short-Term,4151
24,Attend a professional workshop or seminar.,Attend a professional workshop or seminar.,7,9,Short-Term,4152
24,Achieve a new certification relevant to your field.,Achieve a new certification relevant to your field.,7,10,Short-Term,4153
24,Set and work towards career advancement goals.,Set and work towards career advancement goals.,7,9,Long-Term,4154
24,Improve your networking skills by attending industry events.,Improve your networking skills by attending industry events.,7,9,Short-Term,4155
24,Develop a new skill or competency.,Develop a new skill or competency.,7,10,Short-Term,4156
24,Create and follow a personal budget.,Create and follow a personal budget.,8,10,Long-Term,4157
24,Start an emergency savings fund.,Start an emergency savings fund.,8,7,Short-Term,4158
24,Invest in long-term financial growth.,Invest in long-term financial growth.,8,10,Long-Term,4159
24,Pay off any outstanding debt.,Pay off any outstanding debt.,8,8,Long-Term,4160
24,Plan for future financial milestones like retirement.,Plan for future financial milestones like retirement.,8,9,Long-Term,4161
24,Volunteer for a local charity or cause.,Volunteer for a local charity or cause.,9,7,Long-Term,4162
24,Participate in a community clean-up event.,Participate in a community clean-up event.,9,10,Long-Term,4163
24,Donate to a cause you care about.,Donate to a cause you care about.,9,9,Long-Term,4164
24,Support a local business or initiative.,Support a local business or initiative.,9,7,Long-Term,4165
24,Get involved in local government or activism.,Get involved in local government or activism.,9,9,Short-Term,4166
24,Plan a leisure trip or vacation.,Plan a leisure trip or vacation.,10,10,Short-Term,4167
24,Engage in a new hobby or pastime.,Engage in a new hobby or pastime.,10,10,Short-Term,4168
24,Take time off to relax and unwind.,Take time off to relax and unwind.,10,7,Long-Term,4169
24,Explore local cultural or recreational activities.,Explore local cultural or recreational activities.,10,8,Short-Term,4170
24,Spend time outdoors or in nature.,Spend time outdoors or in nature.,10,8,Long-Term,4171
25,Plan a family weekend outing.,Plan a family weekend outing.,4,7,Long-Term,4172
25,Host a family dinner night every week.,Host a family dinner night every week.,4,8,Short-Term,4173
25,Create a family budget and stick to it.,Create a family budget and stick to it.,4,9,Short-Term,4174
25,Start a family book club.,Start a family book club.,4,9,Short-Term,4175
25,Volunteer together as a family.,Volunteer together as a family.,4,9,Short-Term,4176
25,Complete a personal development course.,Complete a personal development course.,5,9,Short-Term,4177
25,Read a new self-help book each month.,Read a new self-help book each month.,5,9,Short-Term,4178
25,Set and achieve a personal fitness goal.,Set and achieve a personal fitness goal.,5,9,Short-Term,4179
25,Learn a new language or skill.,Learn a new language or skill.,5,8,Long-Term,4180
25,Practice mindfulness or meditation daily.,Practice mindfulness or meditation daily.,5,10,Long-Term,4181
25,Exercise regularly and maintain a fitness routine.,Exercise regularly and maintain a fitness routine.,6,9,Long-Term,4182
25,Eat a balanced and healthy diet.,Eat a balanced and healthy diet.,6,10,Long-Term,4183
25,Get regular medical check-ups.,Get regular medical check-ups.,6,10,Short-Term,4184
25,Practice daily mental health exercises.,Practice daily mental health exercises.,6,10,Short-Term,4185
25,Ensure proper sleep hygiene.,Ensure proper sleep hygiene.,6,7,Long-Term,4186
25,Attend a professional workshop or seminar.,Attend a professional workshop or seminar.,7,8,Long-Term,4187
25,Achieve a new certification relevant to your field.,Achieve a new certification relevant to your field.,7,9,Short-Term,4188
25,Set and work towards career advancement goals.,Set and work towards career advancement goals.,7,7,Long-Term,4189
25,Improve your networking skills by attending industry events.,Improve your networking skills by attending industry events.,7,9,Short-Term,4190
25,Develop a new skill or competency.,Develop a new skill or competency.,7,9,Short-Term,4191
25,Create and follow a personal budget.,Create and follow a personal budget.,8,9,Short-Term,4192
25,Start an emergency savings fund.,Start an emergency savings fund.,8,9,Short-Term,4193
25,Invest in long-term financial growth.,Invest in long-term financial growth.,8,7,Short-Term,4194
25,Pay off any outstanding debt.,Pay off any outstanding debt.,8,7,Short-Term,4195
25,Plan for future financial milestones like retirement.,Plan for future financial milestones like retirement.,8,8,Long-Term,4196
25,Volunteer for a local charity or cause.,Volunteer for a local charity or cause.,9,8,Long-Term,4197
25,Participate in a community clean-up event.,Participate in a community clean-up event.,9,10,Long-Term,4198
25,Donate to a cause you care about.,Donate to a cause you care about.,9,9,Short-Term,4199
25,Support a local business or initiative.,Support a local business or initiative.,9,8,Long-Term,4200
25,Get involved in local government or activism.,Get involved in local government or activism.,9,8,Long-Term,4201
25,Plan a leisure trip or vacation.,Plan a leisure trip or vacation.,10,8,Long-Term,4202
25,Engage in a new hobby or pastime.,Engage in a new hobby or pastime.,10,8,Short-Term,4203
25,Take time off to relax and unwind.,Take time off to relax and unwind.,10,9,Long-Term,4204
25,Explore local cultural or recreational activities.,Explore local cultural or recreational activities.,10,10,Long-Term,4205
25,Spend time outdoors or in nature.,Spend time outdoors or in nature.,10,7,Long-Term,4206
26,Plan a family weekend outing.,Plan a family weekend outing.,4,10,Long-Term,4207
26,Host a family dinner night every week.,Host a family dinner night every week.,4,10,Short-Term,4208
26,Create a family budget and stick to it.,Create a family budget and stick to it.,4,10,Long-Term,4209
26,Start a family book club.,Start a family book club.,4,10,Long-Term,4210
26,Volunteer together as a family.,Volunteer together as a family.,4,7,Short-Term,4211
26,Complete a personal development course.,Complete a personal development course.,5,8,Long-Term,4212
26,Read a new self-help book each month.,Read a new self-help book each month.,5,8,Long-Term,4213
26,Set and achieve a personal fitness goal.,Set and achieve a personal fitness goal.,5,8,Short-Term,4214
26,Learn a new language or skill.,Learn a new language or skill.,5,9,Short-Term,4215
26,Practice mindfulness or meditation daily.,Practice mindfulness or meditation daily.,5,10,Short-Term,4216
26,Exercise regularly and maintain a fitness routine.,Exercise regularly and maintain a fitness routine.,6,7,Short-Term,4217
26,Eat a balanced and healthy diet.,Eat a balanced and healthy diet.,6,9,Short-Term,4218
26,Get regular medical check-ups.,Get regular medical check-ups.,6,10,Long-Term,4219
26,Practice daily mental health exercises.,Practice daily mental health exercises.,6,8,Long-Term,4220
26,Ensure proper sleep hygiene.,Ensure proper sleep hygiene.,6,9,Short-Term,4221
26,Attend a professional workshop or seminar.,Attend a professional workshop or seminar.,7,10,Long-Term,4222
26,Achieve a new certification relevant to your field.,Achieve a new certification relevant to your field.,7,7,Long-Term,4223
26,Set and work towards career advancement goals.,Set and work towards career advancement goals.,7,7,Short-Term,4224
26,Improve your networking skills by attending industry events.,Improve your networking skills by attending industry events.,7,9,Short-Term,4225
26,Develop a new skill or competency.,Develop a new skill or competency.,7,10,Long-Term,4226
26,Create and follow a personal budget.,Create and follow a personal budget.,8,7,Short-Term,4227
26,Start an emergency savings fund.,Start an emergency savings fund.,8,8,Long-Term,4228
26,Invest in long-term financial growth.,Invest in long-term financial growth.,8,9,Long-Term,4229
26,Pay off any outstanding debt.,Pay off any outstanding debt.,8,8,Long-Term,4230
26,Plan for future financial milestones like retirement.,Plan for future financial milestones like retirement.,8,7,Short-Term,4231
26,Volunteer for a local charity or cause.,Volunteer for a local charity or cause.,9,7,Short-Term,4232
26,Participate in a community clean-up event.,Participate in a community clean-up event.,9,9,Short-Term,4233
26,Donate to a cause you care about.,Donate to a cause you care about.,9,7,Long-Term,4234
26,Support a local business or initiative.,Support a local business or initiative.,9,9,Short-Term,4235
26,Get involved in local government or activism.,Get involved in local government or activism.,9,8,Short-Term,4236
26,Plan a leisure trip or vacation.,Plan a leisure trip or vacation.,10,7,Long-Term,4237
26,Engage in a new hobby or pastime.,Engage in a new hobby or pastime.,10,10,Short-Term,4238
26,Take time off to relax and unwind.,Take time off to relax and unwind.,10,10,Short-Term,4239
26,Explore local cultural or recreational activities.,Explore local cultural or recreational activities.,10,8,Long-Term,4240
26,Spend time outdoors or in nature.,Spend time outdoors or in nature.,10,7,Long-Term,4241