role_id,Goal Title,Goal Description,category_id,Impact Score,Goal Type
1,Plan a family weekend outing.,Plan a family weekend outing.,1,10,Long-Term
1,Host a family dinner night every week.,Host a family dinner night every week.,1,9,Long-Term
1,Create a family budget and stick to it.,Create a family budget and stick to it.,1,9,Short-Term
1,Start a family book club.,Start a family book club.,1,10,Short-Term
1,Volunteer together as a family.,Volunteer together as a family.,1,8,Long-Term
1,Complete a personal development course.,Complete a personal development course.,2,7,Long-Term
1,Read a new self-help book each month.,Read a new self-help book each month.,2,9,Long-Term
1,Set and achieve a personal fitness goal.,Set and achieve a personal fitness goal.,2,10,Short-Term
1,Learn a new language or skill.,Learn a new language or skill.,2,8,Long-Term
1,Practice mindfulness or meditation daily.,Practice mindfulness or meditation daily.,2,7,Long-Term
1,Exercise regularly and maintain a fitness routine.,Exercise regularly and maintain a fitness routine.,3,7,Long-Term
1,Eat a balanced and healthy diet.,Eat a balanced and healthy diet.,3,10,Short-Term
1,Get regular medical check-ups.,Get regular medical check-ups.,3,9,Short-Term
1,Practice daily mental health exercises.,Practice daily mental health exercises.,3,9,Short-Term
1,Ensure proper sleep hygiene.,Ensure proper sleep hygiene.,3,10,Short-Term
1,Attend a professional workshop or seminar.,Attend a professional workshop or seminar.,4,8,Long-Term
1,Achieve a new certification relevant to your field.,Achieve a new certification relevant to your field.,4,7,Long-Term
1,Set and work towards career advancement goals.,Set and work towards career advancement goals.,4,7,Long-Term
1,Improve your networking skills by attending industry events.,Improve your networking skills by attending industry events.,4,8,Short-Term
1,Develop a new skill or competency.,Develop a new skill or competency.,4,9,Short-Term
1,Create and follow a personal budget.,Create and follow a personal budget.,5,10,Short-Term
1,Start an emergency savings fund.,Start an emergency savings fund.,5,8,Short-Term
1,Invest in long-term financial growth.,Invest in long-term financial growth.,5,10,Short-Term
1,Pay off any outstanding debt.,Pay off any outstanding debt.,5,10,Long-Term
1,Plan for future financial milestones like retirement.,Plan for future financial milestones like retirement.,5,10,Long-Term
1,Volunteer for a local charity or cause.,Volunteer for a local charity or cause.,6,9,Long-Term
1,Participate in a community clean-up event.,Participate in a community clean-up event.,6,10,Long-Term
1,Donate to a cause you care about.,Donate to a cause you care about.,6,8,Short-Term
1,Support a local business or initiative.,Support a local business or initiative.,6,9,Long-Term
1,Get involved in local government or activism.,Get involved in local government or activism.,6,10,Long-Term
1,Plan a leisure trip or vacation.,Plan a leisure trip or vacation.,7,10,Short-Term
1,Engage in a new hobby or pastime.,Engage in a new hobby or pastime.,7,10,Short-Term
1,Take time off to relax and unwind.,Take time off to relax and unwind.,7,10,Long-Term
1,Explore local cultural or recreational activities.,Explore local cultural or recreational activities.,7,9,Long-Term
1,Spend time outdoors or in nature.,Spend time outdoors or in nature.,7,9,Short-Term
2,Plan a family weekend outing.,Plan a family weekend outing.,1,10,Short-Term
2,Host a family dinner night every week.,Host a family dinner night every week.,1,8,Short-Term
2,Create a family budget and stick to it.,Create a family budget and stick to it.,1,10,Long-Term
2,Start a family book club.,Start a family book club.,1,8,Long-Term
2,Volunteer together as a family.,Volunteer together as a family.,1,9,Long-Term
2,Complete a personal development course.,Complete a personal development course.,2,8,Short-Term
2,Read a new self-help book each month.,Read a new self-help book each month.,2,9,Short-Term
2,Set and achieve a personal fitness goal.,Set and achieve a personal fitness goal.,2,8,Long-Term
2,Learn a new language or skill.,Learn a new language or skill.,2,9,Short-Term
2,Practice mindfulness or meditation daily.,Practice mindfulness or meditation daily.,2,10,Long-Term
2,Exercise regularly and maintain a fitness routine.,Exercise regularly and maintain a fitness routine.,3,7,Long-Term
2,Eat a balanced and healthy diet.,Eat a balanced and healthy diet.,3,10,Short-Term
2,Get regular medical check-ups.,Get regular medical check-ups.,3,8,Long-Term
2,Practice daily mental health exercises.,Practice daily mental health exercises.,3,8,Long-Term
2,Ensure proper sleep hygiene.,Ensure proper sleep hygiene.,3,7,Long-Term
2,Attend a professional workshop or seminar.,Attend a professional workshop or seminar.,4,8,Long-Term
2,Achieve a new certification relevant to your field.,Achieve a new certification relevant to your field.,4,9,Long-Term
2,Set and work towards career advancement goals.,Set and work towards career advancement goals.,4,7,Short-Term
2,Improve your networking skills by attending industry events.,Improve your networking skills by attending industry events.,4,9,Short-Term
2,Develop a new skill or competency.,Develop a new skill or competency.,4,10,Short-Term
2,Create and follow a personal budget.,Create and follow a personal budget.,5,10,Short-Term
2,Start an emergency savings fund.,Start an emergency savings fund.,5,8,Short-Term
2,Invest in long-term financial growth.,Invest in long-term financial growth.,5,7,Short-Term
2,Pay off any outstanding debt.,Pay off any outstanding debt.,5,10,Short-Term
2,Plan for future financial milestones like retirement.,Plan for future financial milestones like retirement.,5,10,Short-Term
2,Volunteer for a local charity or cause.,Volunteer for a local charity or cause.,6,9,Short-Term
2,Participate in a community clean-up event.,Participate in a community clean-up event.,6,8,Short-Term
2,Donate to a cause you care about.,Donate to a cause you care about.,6,10,Short-Term
2,Support a local business or initiative.,Support a local business or initiative.,6,7,Long-Term
2,Get involved in local government or activism.,Get involved in local government or activism.,6,8,Short-Term
2,Plan a leisure trip or vacation.,Plan a leisure trip or vacation.,7,7,Long-Term
2,Engage in a new hobby or pastime.,Engage in a new hobby or pastime.,7,7,Long-Term
2,Take time off to relax and unwind.,Take time off to relax and unwind.,7,7,Short-Term
2,Explore local cultural or recreational activities.,Explore local cultural or recreational activities.,7,7,Short-Term
2,Spend time outdoors or in nature.,Spend time outdoors or in nature.,7,7,Short-Term
3,Plan a family weekend outing.,Plan a family weekend outing.,1,8,Short-Term
3,Host a family dinner night every week.,Host a family dinner night every week.,1,8,Long-Term
3,Create a family budget and stick to it.,Create a family budget and stick to it.,1,7,Short-Term
3,Start a family book club.,Start a family book club.,1,10,Long-Term
3,Volunteer together as a family.,Volunteer together as a family.,1,7,Long-Term
3,Complete a personal development course.,Complete a personal development course.,2,9,Long-Term
3,Read a new self-help book each month.,Read a new self-help book each month.,2,9,Short-Term
3,Set and achieve a personal fitness goal.,Set and achieve a personal fitness goal.,2,10,Long-Term
3,Learn a new language or skill.,Learn a new language or skill.,2,10,Long-Term
3,Practice mindfulness or meditation daily.,Practice mindfulness or meditation daily.,2,7,Short-Term
3,Exercise regularly and maintain a fitness routine.,Exercise regularly and maintain a fitness routine.,3,7,Long-Term
3,Eat a balanced and healthy diet.,Eat a balanced and healthy diet.,3,8,Short-Term
3,Get regular medical check-ups.,Get regular medical check-ups.,3,10,Short-Term
3,Practice daily mental health exercises.,Practice daily mental health exercises.,3,10,Long-Term
3,Ensure proper sleep hygiene.,Ensure proper sleep hygiene.,3,10,Long-Term
3,Attend a professional workshop or seminar.,Attend a professional workshop or seminar.,4,9,Short-Term
3,Achieve a new certification relevant to your field.,Achieve a new certification relevant to your field.,4,7,Long-Term
3,Set and work towards career advancement goals.,Set and work towards career advancement goals.,4,10,Long-Term
3,Improve your networking skills by attending industry events.,Improve your networking skills by attending industry events.,4,7,Short-Term
3,Develop a new skill or competency.,Develop a new skill or competency.,4,10,Long-Term
3,Create and follow a personal budget.,Create and follow a personal budget.,5,8,Short-Term
3,Start an emergency savings fund.,Start an emergency savings fund.,5,8,Long-Term
3,Invest in long-term financial growth.,Invest in long-term financial growth.,5,10,Short-Term
3,Pay off any outstanding debt.,Pay off any outstanding debt.,5,7,Short-Term
3,Plan for future financial milestones like retirement.,Plan for future financial milestones like retirement.,5,8,Short-Term
3,Volunteer for a local charity or cause.,Volunteer for a local charity or cause.,6,7,Short-Term
3,Participate in a community clean-up event.,Participate in a community clean-up event.,6,8,Long-Term
3,Donate to a cause you care about.,Donate to a cause you care about.,6,9,Long-Term
3,Support a local business or initiative.,Support a local business or initiative.,6,9,Long-Term
3,Get involved in local government or activism.,Get involved in local government or activism.,6,9,Short-Term
3,Plan a leisure trip or vacation.,Plan a leisure trip or vacation.,7,8,Short-Term
3,Engage in a new hobby or pastime.,Engage in a new hobby or pastime.,7,7,Short-Term
3,Take time off to relax and unwind.,Take time off to relax and unwind.,7,7,Short-Term
3,Explore local cultural or recreational activities.,Explore local cultural or recreational activities.,7,8,Short-Term
3,Spend time outdoors or in nature.,Spend time outdoors or in nature.,7,8,Short-Term
4,Plan a family weekend outing.,Plan a family weekend outing.,1,7,Short-Term
4,Host a family dinner night every week.,Host a family dinner night every week.,1,8,Long-Term
4,Create a family budget and stick to it.,Create a family budget and stick to it.,1,10,Short-Term
4,Start a family book club.,Start a family book club.,1,8,Long-Term
4,Volunteer together as a family.,Volunteer together as a family.,1,8,Short-Term
4,Complete a personal development course.,Complete a personal development course.,2,7,Short-Term
4,Read a new self-help book each month.,Read a new self-help book each month.,2,10,Short-Term
4,Set and achieve a personal fitness goal.,Set and achieve a personal fitness goal.,2,9,Long-Term
4,Learn a new language or skill.,Learn a new language or skill.,2,7,Short-Term
4,Practice mindfulness or meditation daily.,Practice mindfulness or meditation daily.,2,9,Long-Term
4,Exercise regularly and maintain a fitness routine.,Exercise regularly and maintain a fitness routine.,3,10,Long-Term
4,Eat a balanced and healthy diet.,Eat a balanced and healthy diet.,3,7,Long-Term
4,Get regular medical check-ups.,Get regular medical check-ups.,3,8,Long-Term
4,Practice daily mental health exercises.,Practice daily mental health exercises.,3,9,Short-Term
4,Ensure proper sleep hygiene.,Ensure proper sleep hygiene.,3,7,Long-Term
4,Attend a professional workshop or seminar.,Attend a professional workshop or seminar.,4,7,Short-Term
4,Achieve a new certification relevant to your field.,Achieve a new certification relevant to your field.,4,9,Long-Term
4,Set and work towards career advancement goals.,Set and work towards career advancement goals.,4,10,Long-Term
4,Improve your networking skills by attending industry events.,Improve your networking skills by attending industry events.,4,9,Short-Term
4,Develop a new skill or competency.,Develop a new skill or competency.,4,7,Short-Term
4,Create and follow a personal budget.,Create and follow a personal budget.,5,10,Short-Term
4,Start an emergency savings fund.,Start an emergency savings fund.,5,8,Short-Term
4,Invest in long-term financial growth.,Invest in long-term financial growth.,5,7,Long-Term
4,Pay off any outstanding debt.,Pay off any outstanding debt.,5,7,Short-Term
4,Plan for future financial milestones like retirement.,Plan for future financial milestones like retirement.,5,7,Long-Term
4,Volunteer for a local charity or cause.,Volunteer for a local charity or cause.,6,7,Short-Term
4,Participate in a community clean-up event.,Participate in a community clean-up event.,6,9,Long-Term
4,Donate to a cause you care about.,Donate to a cause you care about.,6,8,Short-Term
4,Support a local business or initiative.,Support a local business or initiative.,6,7,Long-Term
4,Get involved in local government or activism.,Get involved in local government or activism.,6,8,Short-Term
4,Plan a leisure trip or vacation.,Plan a leisure trip or vacation.,7,9,Short-Term
4,Engage in a new hobby or pastime.,Engage in a new hobby or pastime.,7,7,Short-Term
4,Take time off to relax and unwind.,Take time off to relax and unwind.,7,9,Long-Term
4,Explore local cultural or recreational activities.,Explore local cultural or recreational activities.,7,9,Short-Term
4,Spend time outdoors or in nature.,Spend time outdoors or in nature.,7,8,Long-Term
5,Plan a family weekend outing.,Plan a family weekend outing.,1,9,Long-Term
5,Host a family dinner night every week.,Host a family dinner night every week.,1,10,Long-Term
5,Create a family budget and stick to it.,Create a family budget and stick to it.,1,7,Short-Term
5,Start a family book club.,Start a family book club.,1,7,Short-Term
5,Volunteer together as a family.,Volunteer together as a family.,1,9,Long-Term
5,Complete a personal development course.,Complete a personal development course.,2,7,Short-Term
5,Read a new self-help book each month.,Read a new self-help book each month.,2,7,Long-Term
5,Set and achieve a personal fitness goal.,Set and achieve a personal fitness goal.,2,7,Short-Term
5,Learn a new language or skill.,Learn a new language or skill.,2,10,Long-Term
5,Practice mindfulness or meditation daily.,Practice mindfulness or meditation daily.,2,9,Short-Term
5,Exercise regularly and maintain a fitness routine.,Exercise regularly and maintain a fitness routine.,3,10,Short-Term
5,Eat a balanced and healthy diet.,Eat a balanced and healthy diet.,3,10,Short-Term
5,Get regular medical check-ups.,Get regular medical check-ups.,3,8,Long-Term
5,Practice daily mental health exercises.,Practice daily mental health exercises.,3,10,Long-Term
5,Ensure proper sleep hygiene.,Ensure proper sleep hygiene.,3,9,Short-Term
5,Attend a professional workshop or seminar.,Attend a professional workshop or seminar.,4,8,Long-Term
5,Achieve a new certification relevant to your field.,Achieve a new certification relevant to your field.,4,9,Long-Term
5,Set and work towards career advancement goals.,Set and work towards career advancement goals.,4,9,Long-Term
5,Improve your networking skills by attending industry events.,Improve your networking skills by attending industry events.,4,8,Short-Term
5,Develop a new skill or competency.,Develop a new skill or competency.,4,7,Long-Term
5,Create and follow a personal budget.,Create and follow a personal budget.,5,10,Short-Term
5,Start an emergency savings fund.,Start an emergency savings fund.,5,10,Long-Term
5,Invest in long-term financial growth.,Invest in long-term financial growth.,5,8,Long-Term
5,Pay off any outstanding debt.,Pay off any outstanding debt.,5,8,Long-Term
5,Plan for future financial milestones like retirement.,Plan for future financial milestones like retirement.,5,7,Short-Term
5,Volunteer for a local charity or cause.,Volunteer for a local charity or cause.,6,7,Long-Term
5,Participate in a community clean-up event.,Participate in a community clean-up event.,6,9,Short-Term
5,Donate to a cause you care about.,Donate to a cause you care about.,6,10,Short-Term
5,Support a local business or initiative.,Support a local business or initiative.,6,7,Short-Term
5,Get involved in local government or activism.,Get involved in local government or activism.,6,10,Long-Term
5,Plan a leisure trip or vacation.,Plan a leisure trip or vacation.,7,10,Short-Term
5,Engage in a new hobby or pastime.,Engage in a new hobby or pastime.,7,8,Short-Term
5,Take time off to relax and unwind.,Take time off to relax and unwind.,7,10,Long-Term
5,Explore local cultural or recreational activities.,Explore local cultural or recreational activities.,7,7,Short-Term
5,Spend time outdoors or in nature.,Spend time outdoors or in nature.,7,10,Long-Term
6,Plan a family weekend outing.,Plan a family weekend outing.,1,9,Short-Term
6,Host a family dinner night every week.,Host a family dinner night every week.,1,7,Long-Term
6,Create a family budget and stick to it.,Create a family budget and stick to it.,1,10,Long-Term
6,Start a family book club.,Start a family book club.,1,9,Long-Term
6,Volunteer together as a family.,Volunteer together as a family.,1,7,Short-Term
6,Complete a personal development course.,Complete a personal development course.,2,10,Short-Term
6,Read a new self-help book each month.,Read a new self-help book each month.,2,10,Long-Term
6,Set and achieve a personal fitness goal.,Set and achieve a personal fitness goal.,2,7,Long-Term
6,Learn a new language or skill.,Learn a new language or skill.,2,7,Short-Term
6,Practice mindfulness or meditation daily.,Practice mindfulness or meditation daily.,2,9,Long-Term
6,Exercise regularly and maintain a fitness routine.,Exercise regularly and maintain a fitness routine.,3,8,Long-Term
6,Eat a balanced and healthy diet.,Eat a balanced and healthy diet.,3,9,Short-Term
6,Get regular medical check-ups.,Get regular medical check-ups.,3,9,Short-Term
6,Practice daily mental health exercises.,Practice daily mental health exercises.,3,9,Long-Term
6,Ensure proper sleep hygiene.,Ensure proper sleep hygiene.,3,10,Short-Term
6,Attend a professional workshop or seminar.,Attend a professional workshop or seminar.,4,7,Long-Term
6,Achieve a new certification relevant to your field.,Achieve a new certification relevant to your field.,4,7,Short-Term
6,Set and work towards career advancement goals.,Set and work towards career advancement goals.,4,8,Long-Term
6,Improve your networking skills by attending industry events.,Improve your networking skills by attending industry events.,4,7,Short-Term
6,Develop a new skill or competency.,Develop a new skill or competency.,4,7,Short-Term
6,Create and follow a personal budget.,Create and follow a personal budget.,5,10,Long-Term
6,Start an emergency savings fund.,Start an emergency savings fund.,5,8,Long-Term
6,Invest in long-term financial growth.,Invest in long-term financial growth.,5,10,Short-Term
6,Pay off any outstanding debt.,Pay off any outstanding debt.,5,10,Long-Term
6,Plan for future financial milestones like retirement.,Plan for future financial milestones like retirement.,5,10,Long-Term
6,Volunteer for a local charity or cause.,Volunteer for a local charity or cause.,6,10,Short-Term
6,Participate in a community clean-up event.,Participate in a community clean-up event.,6,9,Short-Term
6,Donate to a cause you care about.,Donate to a cause you care about.,6,9,Long-Term
6,Support a local business or initiative.,Support a local business or initiative.,6,9,Long-Term
6,Get involved in local government or activism.,Get involved in local government or activism.,6,7,Short-Term
6,Plan a leisure trip or vacation.,Plan a leisure trip or vacation.,7,9,Long-Term
6,Engage in a new hobby or pastime.,Engage in a new hobby or pastime.,7,9,Long-Term
6,Take time off to relax and unwind.,Take time off to relax and unwind.,7,9,Short-Term
6,Explore local cultural or recreational activities.,Explore local cultural or recreational activities.,7,10,Long-Term
6,Spend time outdoors or in nature.,Spend time outdoors or in nature.,7,10,Short-Term
7,Plan a family weekend outing.,Plan a family weekend outing.,1,7,Long-Term
7,Host a family dinner night every week.,Host a family dinner night every week.,1,9,Long-Term
7,Create a family budget and stick to it.,Create a family budget and stick to it.,1,10,Long-Term
7,Start a family book club.,Start a family book club.,1,7,Short-Term
7,Volunteer together as a family.,Volunteer together as a family.,1,10,Short-Term
7,Complete a personal development course.,Complete a personal development course.,2,10,Short-Term
7,Read a new self-help book each month.,Read a new self-help book each month.,2,8,Short-Term
7,Set and achieve a personal fitness goal.,Set and achieve a personal fitness goal.,2,10,Short-Term
7,Learn a new language or skill.,Learn a new language or skill.,2,7,Long-Term
7,Practice mindfulness or meditation daily.,Practice mindfulness or meditation daily.,2,7,Short-Term
7,Exercise regularly and maintain a fitness routine.,Exercise regularly and maintain a fitness routine.,3,8,Long-Term
7,Eat a balanced and healthy diet.,Eat a balanced and healthy diet.,3,7,Short-Term
7,Get regular medical check-ups.,Get regular medical check-ups.,3,7,Long-Term
7,Practice daily mental health exercises.,Practice daily mental health exercises.,3,7,Short-Term
7,Ensure proper sleep hygiene.,Ensure proper sleep hygiene.,3,8,Short-Term
7,Attend a professional workshop or seminar.,Attend a professional workshop or seminar.,4,9,Short-Term
7,Achieve a new certification relevant to your field.,Achieve a new certification relevant to your field.,4,9,Short-Term
7,Set and work towards career advancement goals.,Set and work towards career advancement goals.,4,7,Short-Term
7,Improve your networking skills by attending industry events.,Improve your networking skills by attending industry events.,4,7,Short-Term
7,Develop a new skill or competency.,Develop a new skill or competency.,4,7,Long-Term
7,Create and follow a personal budget.,Create and follow a personal budget.,5,7,Long-Term
7,Start an emergency savings fund.,Start an emergency savings fund.,5,8,Long-Term
7,Invest in long-term financial growth.,Invest in long-term financial growth.,5,8,Short-Term
7,Pay off any outstanding debt.,Pay off any outstanding debt.,5,10,Long-Term
7,Plan for future financial milestones like retirement.,Plan for future financial milestones like retirement.,5,10,Long-Term
7,Volunteer for a local charity or cause.,Volunteer for a local charity or cause.,6,10,Short-Term
7,Participate in a community clean-up event.,Participate in a community clean-up event.,6,10,Short-Term
7,Donate to a cause you care about.,Donate to a cause you care about.,6,9,Short-Term
7,Support a local business or initiative.,Support a local business or initiative.,6,9,Long-Term
7,Get involved in local government or activism.,Get involved in local government or activism.,6,9,Long-Term
7,Plan a leisure trip or vacation.,Plan a leisure trip or vacation.,7,8,Long-Term
7,Engage in a new hobby or pastime.,Engage in a new hobby or pastime.,7,9,Long-Term
7,Take time off to relax and unwind.,Take time off to relax and unwind.,7,8,Short-Term
7,Explore local cultural or recreational activities.,Explore local cultural or recreational activities.,7,10,Long-Term
7,Spend time outdoors or in nature.,Spend time outdoors or in nature.,7,8,Long-Term
8,Plan a family weekend outing.,Plan a family weekend outing.,1,9,Short-Term
8,Host a family dinner night every week.,Host a family dinner night every week.,1,8,Short-Term
8,Create a family budget and stick to it.,Create a family budget and stick to it.,1,7,Short-Term
8,Start a family book club.,Start a family book club.,1,10,Long-Term
8,Volunteer together as a family.,Volunteer together as a family.,1,10,Short-Term
8,Complete a personal development course.,Complete a personal development course.,2,8,Long-Term
8,Read a new self-help book each month.,Read a new self-help book each month.,2,7,Short-Term
8,Set and achieve a personal fitness goal.,Set and achieve a personal fitness goal.,2,7,Short-Term
8,Learn a new language or skill.,Learn a new language or skill.,2,10,Long-Term
8,Practice mindfulness or meditation daily.,Practice mindfulness or meditation daily.,2,10,Long-Term
8,Exercise regularly and maintain a fitness routine.,Exercise regularly and maintain a fitness routine.,3,7,Short-Term
8,Eat a balanced and healthy diet.,Eat a balanced and healthy diet.,3,8,Long-Term
8,Get regular medical check-ups.,Get regular medical check-ups.,3,10,Short-Term
8,Practice daily mental health exercises.,Practice daily mental health exercises.,3,9,Long-Term
8,Ensure proper sleep hygiene.,Ensure proper sleep hygiene.,3,9,Short-Term
8,Attend a professional workshop or seminar.,Attend a professional workshop or seminar.,4,7,Long-Term
8,Achieve a new certification relevant to your field.,Achieve a new certification relevant to your field.,4,9,Short-Term
8,Set and work towards career advancement goals.,Set and work towards career advancement goals.,4,10,Short-Term
8,Improve your networking skills by attending industry events.,Improve your networking skills by attending industry events.,4,8,Long-Term
8,Develop a new skill or competency.,Develop a new skill or competency.,4,7,Long-Term
8,Create and follow a personal budget.,Create and follow a personal budget.,5,10,Long-Term
8,Start an emergency savings fund.,Start an emergency savings fund.,5,10,Long-Term
8,Invest in long-term financial growth.,Invest in long-term financial growth.,5,9,Short-Term
8,Pay off any outstanding debt.,Pay off any outstanding debt.,5,10,Short-Term
8,Plan for future financial milestones like retirement.,Plan for future financial milestones like retirement.,5,9,Long-Term
8,Volunteer for a local charity or cause.,Volunteer for a local charity or cause.,6,10,Long-Term
8,Participate in a community clean-up event.,Participate in a community clean-up event.,6,10,Short-Term
8,Donate to a cause you care about.,Donate to a cause you care about.,6,10,Long-Term
8,Support a local business or initiative.,Support a local business or initiative.,6,7,Short-Term
8,Get involved in local government or activism.,Get involved in local government or activism.,6,9,Short-Term
8,Plan a leisure trip or vacation.,Plan a leisure trip or vacation.,7,10,Long-Term
8,Engage in a new hobby or pastime.,Engage in a new hobby or pastime.,7,10,Short-Term
8,Take time off to relax and unwind.,Take time off to relax and unwind.,7,7,Long-Term
8,Explore local cultural or recreational activities.,Explore local cultural or recreational activities.,7,8,Long-Term
8,Spend time outdoors or in nature.,Spend time outdoors or in nature.,7,10,Short-Term
9,Plan a family weekend outing.,Plan a family weekend outing.,1,7,Long-Term
9,Host a family dinner night every week.,Host a family dinner night every week.,1,8,Long-Term
9,Create a family budget and stick to it.,Create a family budget and stick to it.,1,7,Short-Term
9,Start a family book club.,Start a family book club.,1,8,Long-Term
9,Volunteer together as a family.,Volunteer together as a family.,1,10,Short-Term
9,Complete a personal development course.,Complete a personal development course.,2,9,Short-Term
9,Read a new self-help book each month.,Read a new self-help book each month.,2,8,Long-Term
9,Set and achieve a personal fitness goal.,Set and achieve a personal fitness goal.,2,10,Long-Term
9,Learn a new language or skill.,Learn a new language or skill.,2,10,Long-Term
9,Practice mindfulness or meditation daily.,Practice mindfulness or meditation daily.,2,9,Short-Term
9,Exercise regularly and maintain a fitness routine.,Exercise regularly and maintain a fitness routine.,3,7,Long-Term
9,Eat a balanced and healthy diet.,Eat a balanced and healthy diet.,3,9,Short-Term
9,Get regular medical check-ups.,Get regular medical check-ups.,3,9,Short-Term
9,Practice daily mental health exercises.,Practice daily mental health exercises.,3,9,Long-Term
9,Ensure proper sleep hygiene.,Ensure proper sleep hygiene.,3,9,Short-Term
9,Attend a professional workshop or seminar.,Attend a professional workshop or seminar.,4,9,Short-Term
9,Achieve a new certification relevant to your field.,Achieve a new certification relevant to your field.,4,7,Short-Term
9,Set and work towards career advancement goals.,Set and work towards career advancement goals.,4,9,Short-Term
9,Improve your networking skills by attending industry events.,Improve your networking skills by attending industry events.,4,9,Long-Term
9,Develop a new skill or competency.,Develop a new skill or competency.,4,10,Short-Term
9,Create and follow a personal budget.,Create and follow a personal budget.,5,10,Short-Term
9,Start an emergency savings fund.,Start an emergency savings fund.,5,9,Short-Term
9,Invest in long-term financial growth.,Invest in long-term financial growth.,5,7,Short-Term
9,Pay off any outstanding debt.,Pay off any outstanding debt.,5,8,Short-Term
9,Plan for future financial milestones like retirement.,Plan for future financial milestones like retirement.,5,10,Short-Term
9,Volunteer for a local charity or cause.,Volunteer for a local charity or cause.,6,7,Short-Term
9,Participate in a community clean-up event.,Participate in a community clean-up event.,6,7,Short-Term
9,Donate to a cause you care about.,Donate to a cause you care about.,6,8,Long-Term
9,Support a local business or initiative.,Support a local business or initiative.,6,9,Long-Term
9,Get involved in local government or activism.,Get involved in local government or activism.,6,7,Long-Term
9,Plan a leisure trip or vacation.,Plan a leisure trip or vacation.,7,9,Long-Term
9,Engage in a new hobby or pastime.,Engage in a new hobby or pastime.,7,7,Short-Term
9,Take time off to relax and unwind.,Take time off to relax and unwind.,7,9,Short-Term
9,Explore local cultural or recreational activities.,Explore local cultural or recreational activities.,7,7,Short-Term
9,Spend time outdoors or in nature.,Spend time outdoors or in nature.,7,8,Long-Term
10,Plan a family weekend outing.,Plan a family weekend outing.,1,7,Long-Term
10,Host a family dinner night every week.,Host a family dinner night every week.,1,8,Short-Term
10,Create a family budget and stick to it.,Create a family budget and stick to it.,1,7,Long-Term
10,Start a family book club.,Start a family book club.,1,7,Short-Term
10,Volunteer together as a family.,Volunteer together as a family.,1,9,Long-Term
10,Complete a personal development course.,Complete a personal development course.,2,9,Short-Term
10,Read a new self-help book each month.,Read a new self-help book each month.,2,10,Short-Term
10,Set and achieve a personal fitness goal.,Set and achieve a personal fitness goal.,2,7,Long-Term
10,Learn a new language or skill.,Learn a new language or skill.,2,10,Long-Term
10,Practice mindfulness or meditation daily.,Practice mindfulness or meditation daily.,2,8,Short-Term
10,Exercise regularly and maintain a fitness routine.,Exercise regularly and maintain a fitness routine.,3,10,Long-Term
10,Eat a balanced and healthy diet.,Eat a balanced and healthy diet.,3,10,Short-Term
10,Get regular medical check-ups.,Get regular medical check-ups.,3,8,Long-Term
10,Practice daily mental health exercises.,Practice daily mental health exercises.,3,9,Short-Term
10,Ensure proper sleep hygiene.,Ensure proper sleep hygiene.,3,8,Long-Term
10,Attend a professional workshop or seminar.,Attend a professional workshop or seminar.,4,9,Long-Term
10,Achieve a new certification relevant to your field.,Achieve a new certification relevant to your field.,4,10,Long-Term
10,Set and work towards career advancement goals.,Set and work towards career advancement goals.,4,7,Long-Term
10,Improve your networking skills by attending industry events.,Improve your networking skills by attending industry events.,4,9,Short-Term
10,Develop a new skill or competency.,Develop a new skill or competency.,4,9,Long-Term
10,Create and follow a personal budget.,Create and follow a personal budget.,5,9,Long-Term
10,Start an emergency savings fund.,Start an emergency savings fund.,5,10,Long-Term
10,Invest in long-term financial growth.,Invest in long-term financial growth.,5,7,Short-Term
10,Pay off any outstanding debt.,Pay off any outstanding debt.,5,9,Long-Term
10,Plan for future financial milestones like retirement.,Plan for future financial milestones like retirement.,5,7,Short-Term
10,Volunteer for a local charity or cause.,Volunteer for a local charity or cause.,6,10,Short-Term
10,Participate in a community clean-up event.,Participate in a community clean-up event.,6,10,Long-Term
10,Donate to a cause you care about.,Donate to a cause you care about.,6,7,Short-Term
10,Support a local business or initiative.,Support a local business or initiative.,6,10,Long-Term
10,Get involved in local government or activism.,Get involved in local government or activism.,6,9,Short-Term
10,Plan a leisure trip or vacation.,Plan a leisure trip or vacation.,7,7,Long-Term
10,Engage in a new hobby or pastime.,Engage in a new hobby or pastime.,7,7,Long-Term
10,Take time off to relax and unwind.,Take time off to relax and unwind.,7,10,Long-Term
10,Explore local cultural or recreational activities.,Explore local cultural or recreational activities.,7,9,Short-Term
10,Spend time outdoors or in nature.,Spend time outdoors or in nature.,7,10,Short-Term
11,Plan a family weekend outing.,Plan a family weekend outing.,1,10,Short-Term
11,Host a family dinner night every week.,Host a family dinner night every week.,1,9,Long-Term
11,Create a family budget and stick to it.,Create a family budget and stick to it.,1,8,Short-Term
11,Start a family book club.,Start a family book club.,1,8,Long-Term
11,Volunteer together as a family.,Volunteer together as a family.,1,10,Short-Term
11,Complete a personal development course.,Complete a personal development course.,2,9,Long-Term
11,Read a new self-help book each month.,Read a new self-help book each month.,2,8,Long-Term
11,Set and achieve a personal fitness goal.,Set and achieve a personal fitness goal.,2,10,Short-Term
11,Learn a new language or skill.,Learn a new language or skill.,2,9,Short-Term
11,Practice mindfulness or meditation daily.,Practice mindfulness or meditation daily.,2,9,Short-Term
11,Exercise regularly and maintain a fitness routine.,Exercise regularly and maintain a fitness routine.,3,8,Long-Term
11,Eat a balanced and healthy diet.,Eat a balanced and healthy diet.,3,8,Long-Term
11,Get regular medical check-ups.,Get regular medical check-ups.,3,10,Long-Term
11,Practice daily mental health exercises.,Practice daily mental health exercises.,3,8,Long-Term
11,Ensure proper sleep hygiene.,Ensure proper sleep hygiene.,3,7,Long-Term
11,Attend a professional workshop or seminar.,Attend a professional workshop or seminar.,4,9,Short-Term
11,Achieve a new certification relevant to your field.,Achieve a new certification relevant to your field.,4,8,Long-Term
11,Set and work towards career advancement goals.,Set and work towards career advancement goals.,4,10,Short-Term
11,Improve your networking skills by attending industry events.,Improve your networking skills by attending industry events.,4,7,Short-Term
11,Develop a new skill or competency.,Develop a new skill or competency.,4,9,Short-Term
11,Create and follow a personal budget.,Create and follow a personal budget.,5,10,Long-Term
11,Start an emergency savings fund.,Start an emergency savings fund.,5,10,Short-Term
11,Invest in long-term financial growth.,Invest in long-term financial growth.,5,7,Long-Term
11,Pay off any outstanding debt.,Pay off any outstanding debt.,5,8,Long-Term
11,Plan for future financial milestones like retirement.,Plan for future financial milestones like retirement.,5,9,Long-Term
11,Volunteer for a local charity or cause.,Volunteer for a local charity or cause.,6,8,Short-Term
11,Participate in a community clean-up event.,Participate in a community clean-up event.,6,9,Long-Term
11,Donate to a cause you care about.,Donate to a cause you care about.,6,7,Long-Term
11,Support a local business or initiative.,Support a local business or initiative.,6,9,Long-Term
11,Get involved in local government or activism.,Get involved in local government or activism.,6,8,Long-Term
11,Plan a leisure trip or vacation.,Plan a leisure trip or vacation.,7,10,Long-Term
11,Engage in a new hobby or pastime.,Engage in a new hobby or pastime.,7,7,Short-Term
11,Take time off to relax and unwind.,Take time off to relax and unwind.,7,8,Long-Term
11,Explore local cultural or recreational activities.,Explore local cultural or recreational activities.,7,7,Long-Term
11,Spend time outdoors or in nature.,Spend time outdoors or in nature.,7,8,Short-Term
12,Plan a family weekend outing.,Plan a family weekend outing.,1,9,Long-Term
12,Host a family dinner night every week.,Host a family dinner night every week.,1,10,Short-Term
12,Create a family budget and stick to it.,Create a family budget and stick to it.,1,7,Long-Term
12,Start a family book club.,Start a family book club.,1,10,Short-Term
12,Volunteer together as a family.,Volunteer together as a family.,1,9,Short-Term
12,Complete a personal development course.,Complete a personal development course.,2,10,Long-Term
12,Read a new self-help book each month.,Read a new self-help book each month.,2,10,Short-Term
12,Set and achieve a personal fitness goal.,Set and achieve a personal fitness goal.,2,8,Long-Term
12,Learn a new language or skill.,Learn a new language or skill.,2,10,Long-Term
12,Practice mindfulness or meditation daily.,Practice mindfulness or meditation daily.,2,8,Short-Term
12,Exercise regularly and maintain a fitness routine.,Exercise regularly and maintain a fitness routine.,3,9,Long-Term
12,Eat a balanced and healthy diet.,Eat a balanced and healthy diet.,3,10,Short-Term
12,Get regular medical check-ups.,Get regular medical check-ups.,3,10,Short-Term
12,Practice daily mental health exercises.,Practice daily mental health exercises.,3,8,Short-Term
12,Ensure proper sleep hygiene.,Ensure proper sleep hygiene.,3,8,Long-Term
12,Attend a professional workshop or seminar.,Attend a professional workshop or seminar.,4,10,Short-Term
12,Achieve a new certification relevant to your field.,Achieve a new certification relevant to your field.,4,10,Short-Term
12,Set and work towards career advancement goals.,Set and work towards career advancement goals.,4,9,Long-Term
12,Improve your networking skills by attending industry events.,Improve your networking skills by attending industry events.,4,10,Short-Term
12,Develop a new skill or competency.,Develop a new skill or competency.,4,9,Long-Term
12,Create and follow a personal budget.,Create and follow a personal budget.,5,7,Short-Term
12,Start an emergency savings fund.,Start an emergency savings fund.,5,7,Long-Term
12,Invest in long-term financial growth.,Invest in long-term financial growth.,5,9,Short-Term
12,Pay off any outstanding debt.,Pay off any outstanding debt.,5,10,Long-Term
12,Plan for future financial milestones like retirement.,Plan for future financial milestones like retirement.,5,8,Long-Term
12,Volunteer for a local charity or cause.,Volunteer for a local charity or cause.,6,8,Short-Term
12,Participate in a community clean-up event.,Participate in a community clean-up event.,6,9,Long-Term
12,Donate to a cause you care about.,Donate to a cause you care about.,6,9,Long-Term
12,Support a local business or initiative.,Support a local business or initiative.,6,8,Short-Term
12,Get involved in local government or activism.,Get involved in local government or activism.,6,7,Short-Term
12,Plan a leisure trip or vacation.,Plan a leisure trip or vacation.,7,8,Short-Term
12,Engage in a new hobby or pastime.,Engage in a new hobby or pastime.,7,9,Long-Term
12,Take time off to relax and unwind.,Take time off to relax and unwind.,7,7,Long-Term
12,Explore local cultural or recreational activities.,Explore local cultural or recreational activities.,7,9,Long-Term
12,Spend time outdoors or in nature.,Spend time outdoors or in nature.,7,9,Short-Term
13,Plan a family weekend outing.,Plan a family weekend outing.,1,10,Long-Term
13,Host a family dinner night every week.,Host a family dinner night every week.,1,7,Short-Term
13,Create a family budget and stick to it.,Create a family budget and stick to it.,1,7,Long-Term
13,Start a family book club.,Start a family book club.,1,9,Short-Term
13,Volunteer together as a family.,Volunteer together as a family.,1,7,Long-Term
13,Complete a personal development course.,Complete a personal development course.,2,8,Short-Term
13,Read a new self-help book each month.,Read a new self-help book each month.,2,8,Long-Term
13,Set and achieve a personal fitness goal.,Set and achieve a personal fitness goal.,2,10,Long-Term
13,Learn a new language or skill.,Learn a new language or skill.,2,10,Short-Term
13,Practice mindfulness or meditation daily.,Practice mindfulness or meditation daily.,2,7,Long-Term
13,Exercise regularly and maintain a fitness routine.,Exercise regularly and maintain a fitness routine.,3,10,Long-Term
13,Eat a balanced and healthy diet.,Eat a balanced and healthy diet.,3,8,Short-Term
13,Get regular medical check-ups.,Get regular medical check-ups.,3,9,Short-Term
13,Practice daily mental health exercises.,Practice daily mental health exercises.,3,8,Short-Term
13,Ensure proper sleep hygiene.,Ensure proper sleep hygiene.,3,8,Long-Term
13,Attend a professional workshop or seminar.,Attend a professional workshop or seminar.,4,7,Short-Term
13,Achieve a new certification relevant to your field.,Achieve a new certification relevant to your field.,4,8,Long-Term
13,Set and work towards career advancement goals.,Set and work towards career advancement goals.,4,8,Long-Term
13,Improve your networking skills by attending industry events.,Improve your networking skills by attending industry events.,4,10,Short-Term
13,Develop a new skill or competency.,Develop a new skill or competency.,4,7,Long-Term
13,Create and follow a personal budget.,Create and follow a personal budget.,5,8,Long-Term
13,Start an emergency savings fund.,Start an emergency savings fund.,5,9,Short-Term
13,Invest in long-term financial growth.,Invest in long-term financial growth.,5,8,Long-Term
13,Pay off any outstanding debt.,Pay off any outstanding debt.,5,8,Long-Term
13,Plan for future financial milestones like retirement.,Plan for future financial milestones like retirement.,5,9,Short-Term
13,Volunteer for a local charity or cause.,Volunteer for a local charity or cause.,6,9,Long-Term
13,Participate in a community clean-up event.,Participate in a community clean-up event.,6,7,Long-Term
13,Donate to a cause you care about.,Donate to a cause you care about.,6,8,Long-Term
13,Support a local business or initiative.,Support a local business or initiative.,6,10,Long-Term
13,Get involved in local government or activism.,Get involved in local government or activism.,6,10,Long-Term
13,Plan a leisure trip or vacation.,Plan a leisure trip or vacation.,7,10,Long-Term
13,Engage in a new hobby or pastime.,Engage in a new hobby or pastime.,7,7,Short-Term
13,Take time off to relax and unwind.,Take time off to relax and unwind.,7,7,Short-Term
13,Explore local cultural or recreational activities.,Explore local cultural or recreational activities.,7,7,Short-Term
13,Spend time outdoors or in nature.,Spend time outdoors or in nature.,7,9,Long-Term
14,Plan a family weekend outing.,Plan a family weekend outing.,1,9,Long-Term
14,Host a family dinner night every week.,Host a family dinner night every week.,1,7,Long-Term
14,Create a family budget and stick to it.,Create a family budget and stick to it.,1,10,Short-Term
14,Start a family book club.,Start a family book club.,1,10,Long-Term
14,Volunteer together as a family.,Volunteer together as a family.,1,10,Long-Term
14,Complete a personal development course.,Complete a personal development course.,2,8,Short-Term
14,Read a new self-help book each month.,Read a new self-help book each month.,2,7,Short-Term
14,Set and achieve a personal fitness goal.,Set and achieve a personal fitness goal.,2,10,Short-Term
14,Learn a new language or skill.,Learn a new language or skill.,2,10,Short-Term
14,Practice mindfulness or meditation daily.,Practice mindfulness or meditation daily.,2,8,Short-Term
14,Exercise regularly and maintain a fitness routine.,Exercise regularly and maintain a fitness routine.,3,10,Short-Term
14,Eat a balanced and healthy diet.,Eat a balanced and healthy diet.,3,7,Long-Term
14,Get regular medical check-ups.,Get regular medical check-ups.,3,9,Long-Term
14,Practice daily mental health exercises.,Practice daily mental health exercises.,3,10,Long-Term
14,Ensure proper sleep hygiene.,Ensure proper sleep hygiene.,3,10,Long-Term
14,Attend a professional workshop or seminar.,Attend a professional workshop or seminar.,4,10,Long-Term
14,Achieve a new certification relevant to your field.,Achieve a new certification relevant to your field.,4,9,Long-Term
14,Set and work towards career advancement goals.,Set and work towards career advancement goals.,4,7,Long-Term
14,Improve your networking skills by attending industry events.,Improve your networking skills by attending industry events.,4,10,Short-Term
14,Develop a new skill or competency.,Develop a new skill or competency.,4,8,Short-Term
14,Create and follow a personal budget.,Create and follow a personal budget.,5,10,Long-Term
14,Start an emergency savings fund.,Start an emergency savings fund.,5,9,Short-Term
14,Invest in long-term financial growth.,Invest in long-term financial growth.,5,10,Long-Term
14,Pay off any outstanding debt.,Pay off any outstanding debt.,5,9,Long-Term
14,Plan for future financial milestones like retirement.,Plan for future financial milestones like retirement.,5,9,Long-Term
14,Volunteer for a local charity or cause.,Volunteer for a local charity or cause.,6,10,Long-Term
14,Participate in a community clean-up event.,Participate in a community clean-up event.,6,9,Short-Term
14,Donate to a cause you care about.,Donate to a cause you care about.,6,7,Short-Term
14,Support a local business or initiative.,Support a local business or initiative.,6,9,Long-Term
14,Get involved in local government or activism.,Get involved in local government or activism.,6,9,Long-Term
14,Plan a leisure trip or vacation.,Plan a leisure trip or vacation.,7,7,Short-Term
14,Engage in a new hobby or pastime.,Engage in a new hobby or pastime.,7,8,Short-Term
14,Take time off to relax and unwind.,Take time off to relax and unwind.,7,10,Long-Term
14,Explore local cultural or recreational activities.,Explore local cultural or recreational activities.,7,7,Long-Term
14,Spend time outdoors or in nature.,Spend time outdoors or in nature.,7,10,Short-Term
15,Plan a family weekend outing.,Plan a family weekend outing.,1,7,Short-Term
15,Host a family dinner night every week.,Host a family dinner night every week.,1,10,Long-Term
15,Create a family budget and stick to it.,Create a family budget and stick to it.,1,10,Short-Term
15,Start a family book club.,Start a family book club.,1,10,Long-Term
15,Volunteer together as a family.,Volunteer together as a family.,1,8,Long-Term
15,Complete a personal development course.,Complete a personal development course.,2,8,Short-Term
15,Read a new self-help book each month.,Read a new self-help book each month.,2,10,Short-Term
15,Set and achieve a personal fitness goal.,Set and achieve a personal fitness goal.,2,7,Short-Term
15,Learn a new language or skill.,Learn a new language or skill.,2,8,Long-Term
15,Practice mindfulness or meditation daily.,Practice mindfulness or meditation daily.,2,8,Long-Term
15,Exercise regularly and maintain a fitness routine.,Exercise regularly and maintain a fitness routine.,3,7,Long-Term
15,Eat a balanced and healthy diet.,Eat a balanced and healthy diet.,3,7,Short-Term
15,Get regular medical check-ups.,Get regular medical check-ups.,3,7,Long-Term
15,Practice daily mental health exercises.,Practice daily mental health exercises.,3,8,Long-Term
15,Ensure proper sleep hygiene.,Ensure proper sleep hygiene.,3,7,Short-Term
15,Attend a professional workshop or seminar.,Attend a professional workshop or seminar.,4,7,Long-Term
15,Achieve a new certification relevant to your field.,Achieve a new certification relevant to your field.,4,9,Short-Term
15,Set and work towards career advancement goals.,Set and work towards career advancement goals.,4,10,Long-Term
15,Improve your networking skills by attending industry events.,Improve your networking skills by attending industry events.,4,10,Short-Term
15,Develop a new skill or competency.,Develop a new skill or competency.,4,10,Long-Term
15,Create and follow a personal budget.,Create and follow a personal budget.,5,10,Short-Term
15,Start an emergency savings fund.,Start an emergency savings fund.,5,7,Short-Term
15,Invest in long-term financial growth.,Invest in long-term financial growth.,5,8,Short-Term
15,Pay off any outstanding debt.,Pay off any outstanding debt.,5,9,Short-Term
15,Plan for future financial milestones like retirement.,Plan for future financial milestones like retirement.,5,10,Short-Term
15,Volunteer for a local charity or cause.,Volunteer for a local charity or cause.,6,7,Long-Term
15,Participate in a community clean-up event.,Participate in a community clean-up event.,6,9,Short-Term
15,Donate to a cause you care about.,Donate to a cause you care about.,6,9,Short-Term
15,Support a local business or initiative.,Support a local business or initiative.,6,10,Long-Term
15,Get involved in local government or activism.,Get involved in local government or activism.,6,9,Long-Term
15,Plan a leisure trip or vacation.,Plan a leisure trip or vacation.,7,7,Long-Term
15,Engage in a new hobby or pastime.,Engage in a new hobby or pastime.,7,8,Long-Term
15,Take time off to relax and unwind.,Take time off to relax and unwind.,7,9,Long-Term
15,Explore local cultural or recreational activities.,Explore local cultural or recreational activities.,7,7,Short-Term
15,Spend time outdoors or in nature.,Spend time outdoors or in nature.,7,8,Long-Term
16,Plan a family weekend outing.,Plan a family weekend outing.,1,7,Long-Term
16,Host a family dinner night every week.,Host a family dinner night every week.,1,10,Short-Term
16,Create a family budget and stick to it.,Create a family budget and stick to it.,1,7,Long-Term
16,Start a family book club.,Start a family book club.,1,10,Long-Term
16,Volunteer together as a family.,Volunteer together as a family.,1,7,Short-Term
16,Complete a personal development course.,Complete a personal development course.,2,7,Short-Term
16,Read a new self-help book each month.,Read a new self-help book each month.,2,10,Short-Term
16,Set and achieve a personal fitness goal.,Set and achieve a personal fitness goal.,2,10,Long-Term
16,Learn a new language or skill.,Learn a new language or skill.,2,8,Long-Term
16,Practice mindfulness or meditation daily.,Practice mindfulness or meditation daily.,2,8,Short-Term
16,Exercise regularly and maintain a fitness routine.,Exercise regularly and maintain a fitness routine.,3,10,Long-Term
16,Eat a balanced and healthy diet.,Eat a balanced and healthy diet.,3,9,Short-Term
16,Get regular medical check-ups.,Get regular medical check-ups.,3,7,Long-Term
16,Practice daily mental health exercises.,Practice daily mental health exercises.,3,9,Long-Term
16,Ensure proper sleep hygiene.,Ensure proper sleep hygiene.,3,8,Long-Term
16,Attend a professional workshop or seminar.,Attend a professional workshop or seminar.,4,10,Short-Term
16,Achieve a new certification relevant to your field.,Achieve a new certification relevant to your field.,4,9,Long-Term
16,Set and work towards career advancement goals.,Set and work towards career advancement goals.,4,10,Long-Term
16,Improve your networking skills by attending industry events.,Improve your networking skills by attending industry events.,4,8,Long-Term
16,Develop a new skill or competency.,Develop a new skill or competency.,4,9,Long-Term
16,Create and follow a personal budget.,Create and follow a personal budget.,5,9,Short-Term
16,Start an emergency savings fund.,Start an emergency savings fund.,5,8,Long-Term
16,Invest in long-term financial growth.,Invest in long-term financial growth.,5,9,Short-Term
16,Pay off any outstanding debt.,Pay off any outstanding debt.,5,7,Short-Term
16,Plan for future financial milestones like retirement.,Plan for future financial milestones like retirement.,5,9,Long-Term
16,Volunteer for a local charity or cause.,Volunteer for a local charity or cause.,6,7,Short-Term
16,Participate in a community clean-up event.,Participate in a community clean-up event.,6,8,Long-Term
16,Donate to a cause you care about.,Donate to a cause you care about.,6,8,Short-Term
16,Support a local business or initiative.,Support a local business or initiative.,6,7,Short-Term
16,Get involved in local government or activism.,Get involved in local government or activism.,6,10,Long-Term
16,Plan a leisure trip or vacation.,Plan a leisure trip or vacation.,7,7,Short-Term
16,Engage in a new hobby or pastime.,Engage in a new hobby or pastime.,7,8,Short-Term
16,Take time off to relax and unwind.,Take time off to relax and unwind.,7,10,Short-Term
16,Explore local cultural or recreational activities.,Explore local cultural or recreational activities.,7,7,Long-Term
16,Spend time outdoors or in nature.,Spend time outdoors or in nature.,7,9,Short-Term
17,Plan a family weekend outing.,Plan a family weekend outing.,1,10,Short-Term
17,Host a family dinner night every week.,Host a family dinner night every week.,1,7,Long-Term
17,Create a family budget and stick to it.,Create a family budget and stick to it.,1,9,Short-Term
17,Start a family book club.,Start a family book club.,1,9,Long-Term
17,Volunteer together as a family.,Volunteer together as a family.,1,8,Short-Term
17,Complete a personal development course.,Complete a personal development course.,2,9,Short-Term
17,Read a new self-help book each month.,Read a new self-help book each month.,2,10,Short-Term
17,Set and achieve a personal fitness goal.,Set and achieve a personal fitness goal.,2,10,Short-Term
17,Learn a new language or skill.,Learn a new language or skill.,2,7,Short-Term
17,Practice mindfulness or meditation daily.,Practice mindfulness or meditation daily.,2,8,Short-Term
17,Exercise regularly and maintain a fitness routine.,Exercise regularly and maintain a fitness routine.,3,8,Long-Term
17,Eat a balanced and healthy diet.,Eat a balanced and healthy diet.,3,7,Long-Term
17,Get regular medical check-ups.,Get regular medical check-ups.,3,9,Short-Term
17,Practice daily mental health exercises.,Practice daily mental health exercises.,3,10,Long-Term
17,Ensure proper sleep hygiene.,Ensure proper sleep hygiene.,3,9,Long-Term
17,Attend a professional workshop or seminar.,Attend a professional workshop or seminar.,4,9,Long-Term
17,Achieve a new certification relevant to your field.,Achieve a new certification relevant to your field.,4,10,Short-Term
17,Set and work towards career advancement goals.,Set and work towards career advancement goals.,4,8,Long-Term
17,Improve your networking skills by attending industry events.,Improve your networking skills by attending industry events.,4,7,Short-Term
17,Develop a new skill or competency.,Develop a new skill or competency.,4,7,Long-Term
17,Create and follow a personal budget.,Create and follow a personal budget.,5,10,Short-Term
17,Start an emergency savings fund.,Start an emergency savings fund.,5,7,Long-Term
17,Invest in long-term financial growth.,Invest in long-term financial growth.,5,7,Short-Term
17,Pay off any outstanding debt.,Pay off any outstanding debt.,5,10,Long-Term
17,Plan for future financial milestones like retirement.,Plan for future financial milestones like retirement.,5,7,Long-Term
17,Volunteer for a local charity or cause.,Volunteer for a local charity or cause.,6,9,Short-Term
17,Participate in a community clean-up event.,Participate in a community clean-up event.,6,8,Short-Term
17,Donate to a cause you care about.,Donate to a cause you care about.,6,9,Short-Term
17,Support a local business or initiative.,Support a local business or initiative.,6,7,Long-Term
17,Get involved in local government or activism.,Get involved in local government or activism.,6,10,Short-Term
17,Plan a leisure trip or vacation.,Plan a leisure trip or vacation.,7,8,Short-Term
17,Engage in a new hobby or pastime.,Engage in a new hobby or pastime.,7,7,Short-Term
17,Take time off to relax and unwind.,Take time off to relax and unwind.,7,7,Short-Term
17,Explore local cultural or recreational activities.,Explore local cultural or recreational activities.,7,9,Short-Term
17,Spend time outdoors or in nature.,Spend time outdoors or in nature.,7,10,Long-Term
18,Plan a family weekend outing.,Plan a family weekend outing.,1,9,Long-Term
18,Host a family dinner night every week.,Host a family dinner night every week.,1,7,Long-Term
18,Create a family budget and stick to it.,Create a family budget and stick to it.,1,8,Short-Term
18,Start a family book club.,Start a family book club.,1,10,Long-Term
18,Volunteer together as a family.,Volunteer together as a family.,1,7,Short-Term
18,Complete a personal development course.,Complete a personal development course.,2,10,Short-Term
18,Read a new self-help book each month.,Read a new self-help book each month.,2,9,Short-Term
18,Set and achieve a personal fitness goal.,Set and achieve a personal fitness goal.,2,7,Long-Term
18,Learn a new language or skill.,Learn a new language or skill.,2,8,Long-Term
18,Practice mindfulness or meditation daily.,Practice mindfulness or meditation daily.,2,10,Long-Term
18,Exercise regularly and maintain a fitness routine.,Exercise regularly and maintain a fitness routine.,3,9,Short-Term
18,Eat a balanced and healthy diet.,Eat a balanced and healthy diet.,3,8,Long-Term
18,Get regular medical check-ups.,Get regular medical check-ups.,3,7,Long-Term
18,Practice daily mental health exercises.,Practice daily mental health exercises.,3,8,Short-Term
18,Ensure proper sleep hygiene.,Ensure proper sleep hygiene.,3,10,Short-Term
18,Attend a professional workshop or seminar.,Attend a professional workshop or seminar.,4,10,Short-Term
18,Achieve a new certification relevant to your field.,Achieve a new certification relevant to your field.,4,9,Short-Term
18,Set and work towards career advancement goals.,Set and work towards career advancement goals.,4,7,Long-Term
18,Improve your networking skills by attending industry events.,Improve your networking skills by attending industry events.,4,10,Short-Term
18,Develop a new skill or competency.,Develop a new skill or competency.,4,7,Long-Term
18,Create and follow a personal budget.,Create and follow a personal budget.,5,10,Long-Term
18,Start an emergency savings fund.,Start an emergency savings fund.,5,8,Short-Term
18,Invest in long-term financial growth.,Invest in long-term financial growth.,5,10,Short-Term
18,Pay off any outstanding debt.,Pay off any outstanding debt.,5,10,Long-Term
18,Plan for future financial milestones like retirement.,Plan for future financial milestones like retirement.,5,10,Short-Term
18,Volunteer for a local charity or cause.,Volunteer for a local charity or cause.,6,10,Short-Term
18,Participate in a community clean-up event.,Participate in a community clean-up event.,6,9,Long-Term
18,Donate to a cause you care about.,Donate to a cause you care about.,6,7,Long-Term
18,Support a local business or initiative.,Support a local business or initiative.,6,8,Short-Term
18,Get involved in local government or activism.,Get involved in local government or activism.,6,8,Short-Term
18,Plan a leisure trip or vacation.,Plan a leisure trip or vacation.,7,10,Short-Term
18,Engage in a new hobby or pastime.,Engage in a new hobby or pastime.,7,7,Short-Term
18,Take time off to relax and unwind.,Take time off to relax and unwind.,7,8,Short-Term
18,Explore local cultural or recreational activities.,Explore local cultural or recreational activities.,7,8,Short-Term
18,Spend time outdoors or in nature.,Spend time outdoors or in nature.,7,8,Short-Term
19,Plan a family weekend outing.,Plan a family weekend outing.,1,9,Long-Term
19,Host a family dinner night every week.,Host a family dinner night every week.,1,9,Short-Term
19,Create a family budget and stick to it.,Create a family budget and stick to it.,1,7,Short-Term
19,Start a family book club.,Start a family book club.,1,9,Long-Term
19,Volunteer together as a family.,Volunteer together as a family.,1,10,Long-Term
19,Complete a personal development course.,Complete a personal development course.,2,7,Long-Term
19,Read a new self-help book each month.,Read a new self-help book each month.,2,7,Long-Term
19,Set and achieve a personal fitness goal.,Set and achieve a personal fitness goal.,2,7,Short-Term
19,Learn a new language or skill.,Learn a new language or skill.,2,7,Long-Term
19,Practice mindfulness or meditation daily.,Practice mindfulness or meditation daily.,2,7,Short-Term
19,Exercise regularly and maintain a fitness routine.,Exercise regularly and maintain a fitness routine.,3,8,Short-Term
19,Eat a balanced and healthy diet.,Eat a balanced and healthy diet.,3,7,Long-Term
19,Get regular medical check-ups.,Get regular medical check-ups.,3,10,Short-Term
19,Practice daily mental health exercises.,Practice daily mental health exercises.,3,9,Long-Term
19,Ensure proper sleep hygiene.,Ensure proper sleep hygiene.,3,8,Short-Term
19,Attend a professional workshop or seminar.,Attend a professional workshop or seminar.,4,7,Short-Term
19,Achieve a new certification relevant to your field.,Achieve a new certification relevant to your field.,4,9,Long-Term
19,Set and work towards career advancement goals.,Set and work towards career advancement goals.,4,10,Long-Term
19,Improve your networking skills by attending industry events.,Improve your networking skills by attending industry events.,4,10,Long-Term
19,Develop a new skill or competency.,Develop a new skill or competency.,4,7,Long-Term
19,Create and follow a personal budget.,Create and follow a personal budget.,5,7,Long-Term
19,Start an emergency savings fund.,Start an emergency savings fund.,5,8,Short-Term
19,Invest in long-term financial growth.,Invest in long-term financial growth.,5,7,Long-Term
19,Pay off any outstanding debt.,Pay off any outstanding debt.,5,7,Short-Term
19,Plan for future financial milestones like retirement.,Plan for future financial milestones like retirement.,5,8,Long-Term
19,Volunteer for a local charity or cause.,Volunteer for a local charity or cause.,6,7,Long-Term
19,Participate in a community clean-up event.,Participate in a community clean-up event.,6,8,Short-Term
19,Donate to a cause you care about.,Donate to a cause you care about.,6,9,Short-Term
19,Support a local business or initiative.,Support a local business or initiative.,6,8,Short-Term
19,Get involved in local government or activism.,Get involved in local government or activism.,6,8,Short-Term
19,Plan a leisure trip or vacation.,Plan a leisure trip or vacation.,7,10,Long-Term
19,Engage in a new hobby or pastime.,Engage in a new hobby or pastime.,7,9,Long-Term
19,Take time off to relax and unwind.,Take time off to relax and unwind.,7,9,Short-Term
19,Explore local cultural or recreational activities.,Explore local cultural or recreational activities.,7,8,Short-Term
19,Spend time outdoors or in nature.,Spend time outdoors or in nature.,7,10,Long-Term
20,Plan a family weekend outing.,Plan a family weekend outing.,1,10,Long-Term
20,Host a family dinner night every week.,Host a family dinner night every week.,1,10,Long-Term
20,Create a family budget and stick to it.,Create a family budget and stick to it.,1,7,Short-Term
20,Start a family book club.,Start a family book club.,1,8,Short-Term
20,Volunteer together as a family.,Volunteer together as a family.,1,8,Short-Term
20,Complete a personal development course.,Complete a personal development course.,2,7,Short-Term
20,Read a new self-help book each month.,Read a new self-help book each month.,2,9,Long-Term
20,Set and achieve a personal fitness goal.,Set and achieve a personal fitness goal.,2,7,Short-Term
20,Learn a new language or skill.,Learn a new language or skill.,2,8,Long-Term
20,Practice mindfulness or meditation daily.,Practice mindfulness or meditation daily.,2,8,Long-Term
20,Exercise regularly and maintain a fitness routine.,Exercise regularly and maintain a fitness routine.,3,8,Long-Term
20,Eat a balanced and healthy diet.,Eat a balanced and healthy diet.,3,8,Long-Term
20,Get regular medical check-ups.,Get regular medical check-ups.,3,7,Short-Term
20,Practice daily mental health exercises.,Practice daily mental health exercises.,3,7,Long-Term
20,Ensure proper sleep hygiene.,Ensure proper sleep hygiene.,3,10,Long-Term
20,Attend a professional workshop or seminar.,Attend a professional workshop or seminar.,4,8,Long-Term
20,Achieve a new certification relevant to your field.,Achieve a new certification relevant to your field.,4,8,Long-Term
20,Set and work towards career advancement goals.,Set and work towards career advancement goals.,4,9,Short-Term
20,Improve your networking skills by attending industry events.,Improve your networking skills by attending industry events.,4,7,Long-Term
20,Develop a new skill or competency.,Develop a new skill or competency.,4,10,Short-Term
20,Create and follow a personal budget.,Create and follow a personal budget.,5,9,Short-Term
20,Start an emergency savings fund.,Start an emergency savings fund.,5,9,Long-Term
20,Invest in long-term financial growth.,Invest in long-term financial growth.,5,8,Long-Term
20,Pay off any outstanding debt.,Pay off any outstanding debt.,5,9,Short-Term
20,Plan for future financial milestones like retirement.,Plan for future financial milestones like retirement.,5,10,Long-Term
20,Volunteer for a local charity or cause.,Volunteer for a local charity or cause.,6,8,Short-Term
20,Participate in a community clean-up event.,Participate in a community clean-up event.,6,8,Short-Term
20,Donate to a cause you care about.,Donate to a cause you care about.,6,10,Long-Term
20,Support a local business or initiative.,Support a local business or initiative.,6,8,Short-Term
20,Get involved in local government or activism.,Get involved in local government or activism.,6,8,Short-Term
20,Plan a leisure trip or vacation.,Plan a leisure trip or vacation.,7,8,Long-Term
20,Engage in a new hobby or pastime.,Engage in a new hobby or pastime.,7,7,Short-Term
20,Take time off to relax and unwind.,Take time off to relax and unwind.,7,7,Long-Term
20,Explore local cultural or recreational activities.,Explore local cultural or recreational activities.,7,8,Long-Term
20,Spend time outdoors or in nature.,Spend time outdoors or in nature.,7,8,Long-Term
21,Plan a family weekend outing.,Plan a family weekend outing.,1,10,Short-Term
21,Host a family dinner night every week.,Host a family dinner night every week.,1,7,Long-Term
21,Create a family budget and stick to it.,Create a family budget and stick to it.,1,8,Short-Term
21,Start a family book club.,Start a family book club.,1,10,Short-Term
21,Volunteer together as a family.,Volunteer together as a family.,1,10,Short-Term
21,Complete a personal development course.,Complete a personal development course.,2,9,Short-Term
21,Read a new self-help book each month.,Read a new self-help book each month.,2,8,Short-Term
21,Set and achieve a personal fitness goal.,Set and achieve a personal fitness goal.,2,9,Short-Term
21,Learn a new language or skill.,Learn a new language or skill.,2,10,Short-Term
21,Practice mindfulness or meditation daily.,Practice mindfulness or meditation daily.,2,9,Long-Term
21,Exercise regularly and maintain a fitness routine.,Exercise regularly and maintain a fitness routine.,3,8,Short-Term
21,Eat a balanced and healthy diet.,Eat a balanced and healthy diet.,3,9,Long-Term
21,Get regular medical check-ups.,Get regular medical check-ups.,3,8,Long-Term
21,Practice daily mental health exercises.,Practice daily mental health exercises.,3,9,Short-Term
21,Ensure proper sleep hygiene.,Ensure proper sleep hygiene.,3,8,Short-Term
21,Attend a professional workshop or seminar.,Attend a professional workshop or seminar.,4,8,Long-Term
21,Achieve a new certification relevant to your field.,Achieve a new certification relevant to your field.,4,9,Short-Term
21,Set and work towards career advancement goals.,Set and work towards career advancement goals.,4,7,Long-Term
21,Improve your networking skills by attending industry events.,Improve your networking skills by attending industry events.,4,7,Short-Term
21,Develop a new skill or competency.,Develop a new skill or competency.,4,10,Long-Term
21,Create and follow a personal budget.,Create and follow a personal budget.,5,8,Long-Term
21,Start an emergency savings fund.,Start an emergency savings fund.,5,10,Short-Term
21,Invest in long-term financial growth.,Invest in long-term financial growth.,5,8,Short-Term
21,Pay off any outstanding debt.,Pay off any outstanding debt.,5,9,Long-Term
21,Plan for future financial milestones like retirement.,Plan for future financial milestones like retirement.,5,10,Short-Term
21,Volunteer for a local charity or cause.,Volunteer for a local charity or cause.,6,8,Long-Term
21,Participate in a community clean-up event.,Participate in a community clean-up event.,6,7,Short-Term
21,Donate to a cause you care about.,Donate to a cause you care about.,6,10,Long-Term
21,Support a local business or initiative.,Support a local business or initiative.,6,10,Short-Term
21,Get involved in local government or activism.,Get involved in local government or activism.,6,9,Long-Term
21,Plan a leisure trip or vacation.,Plan a leisure trip or vacation.,7,7,Long-Term
21,Engage in a new hobby or pastime.,Engage in a new hobby or pastime.,7,9,Long-Term
21,Take time off to relax and unwind.,Take time off to relax and unwind.,7,9,Short-Term
21,Explore local cultural or recreational activities.,Explore local cultural or recreational activities.,7,9,Long-Term
21,Spend time outdoors or in nature.,Spend time outdoors or in nature.,7,10,Short-Term
22,Plan a family weekend outing.,Plan a family weekend outing.,1,9,Long-Term
22,Host a family dinner night every week.,Host a family dinner night every week.,1,8,Short-Term
22,Create a family budget and stick to it.,Create a family budget and stick to it.,1,8,Short-Term
22,Start a family book club.,Start a family book club.,1,9,Short-Term
22,Volunteer together as a family.,Volunteer together as a family.,1,9,Short-Term
22,Complete a personal development course.,Complete a personal development course.,2,7,Short-Term
22,Read a new self-help book each month.,Read a new self-help book each month.,2,8,Short-Term
22,Set and achieve a personal fitness goal.,Set and achieve a personal fitness goal.,2,10,Short-Term
22,Learn a new language or skill.,Learn a new language or skill.,2,10,Short-Term
22,Practice mindfulness or meditation daily.,Practice mindfulness or meditation daily.,2,7,Long-Term
22,Exercise regularly and maintain a fitness routine.,Exercise regularly and maintain a fitness routine.,3,7,Short-Term
22,Eat a balanced and healthy diet.,Eat a balanced and healthy diet.,3,7,Long-Term
22,Get regular medical check-ups.,Get regular medical check-ups.,3,9,Long-Term
22,Practice daily mental health exercises.,Practice daily mental health exercises.,3,8,Long-Term
22,Ensure proper sleep hygiene.,Ensure proper sleep hygiene.,3,9,Long-Term
22,Attend a professional workshop or seminar.,Attend a professional workshop or seminar.,4,10,Short-Term
22,Achieve a new certification relevant to your field.,Achieve a new certification relevant to your field.,4,8,Long-Term
22,Set and work towards career advancement goals.,Set and work towards career advancement goals.,4,7,Long-Term
22,Improve your networking skills by attending industry events.,Improve your networking skills by attending industry events.,4,7,Short-Term
22,Develop a new skill or competency.,Develop a new skill or competency.,4,8,Short-Term
22,Create and follow a personal budget.,Create and follow a personal budget.,5,8,Long-Term
22,Start an emergency savings fund.,Start an emergency savings fund.,5,7,Short-Term
22,Invest in long-term financial growth.,Invest in long-term financial growth.,5,8,Short-Term
22,Pay off any outstanding debt.,Pay off any outstanding debt.,5,7,Short-Term
22,Plan for future financial milestones like retirement.,Plan for future financial milestones like retirement.,5,7,Short-Term
22,Volunteer for a local charity or cause.,Volunteer for a local charity or cause.,6,8,Long-Term
22,Participate in a community clean-up event.,Participate in a community clean-up event.,6,7,Long-Term
22,Donate to a cause you care about.,Donate to a cause you care about.,6,10,Short-Term
22,Support a local business or initiative.,Support a local business or initiative.,6,7,Long-Term
22,Get involved in local government or activism.,Get involved in local government or activism.,6,9,Short-Term
22,Plan a leisure trip or vacation.,Plan a leisure trip or vacation.,7,10,Long-Term
22,Engage in a new hobby or pastime.,Engage in a new hobby or pastime.,7,7,Short-Term
22,Take time off to relax and unwind.,Take time off to relax and unwind.,7,10,Long-Term
22,Explore local cultural or recreational activities.,Explore local cultural or recreational activities.,7,10,Short-Term
22,Spend time outdoors or in nature.,Spend time outdoors or in nature.,7,10,Short-Term
23,Plan a family weekend outing.,Plan a family weekend outing.,1,9,Short-Term
23,Host a family dinner night every week.,Host a family dinner night every week.,1,10,Long-Term
23,Create a family budget and stick to it.,Create a family budget and stick to it.,1,10,Short-Term
23,Start a family book club.,Start a family book club.,1,7,Long-Term
23,Volunteer together as a family.,Volunteer together as a family.,1,7,Short-Term
23,Complete a personal development course.,Complete a personal development course.,2,7,Long-Term
23,Read a new self-help book each month.,Read a new self-help book each month.,2,7,Short-Term
23,Set and achieve a personal fitness goal.,Set and achieve a personal fitness goal.,2,7,Long-Term
23,Learn a new language or skill.,Learn a new language or skill.,2,10,Long-Term
23,Practice mindfulness or meditation daily.,Practice mindfulness or meditation daily.,2,7,Long-Term
23,Exercise regularly and maintain a fitness routine.,Exercise regularly and maintain a fitness routine.,3,10,Short-Term
23,Eat a balanced and healthy diet.,Eat a balanced and healthy diet.,3,9,Short-Term
23,Get regular medical check-ups.,Get regular medical check-ups.,3,9,Short-Term
23,Practice daily mental health exercises.,Practice daily mental health exercises.,3,8,Short-Term
23,Ensure proper sleep hygiene.,Ensure proper sleep hygiene.,3,10,Short-Term
23,Attend a professional workshop or seminar.,Attend a professional workshop or seminar.,4,9,Short-Term
23,Achieve a new certification relevant to your field.,Achieve a new certification relevant to your field.,4,10,Short-Term
23,Set and work towards career advancement goals.,Set and work towards career advancement goals.,4,7,Short-Term
23,Improve your networking skills by attending industry events.,Improve your networking skills by attending industry events.,4,8,Long-Term
23,Develop a new skill or competency.,Develop a new skill or competency.,4,7,Short-Term
23,Create and follow a personal budget.,Create and follow a personal budget.,5,9,Short-Term
23,Start an emergency savings fund.,Start an emergency savings fund.,5,9,Long-Term
23,Invest in long-term financial growth.,Invest in long-term financial growth.,5,8,Long-Term
23,Pay off any outstanding debt.,Pay off any outstanding debt.,5,8,Short-Term
23,Plan for future financial milestones like retirement.,Plan for future financial milestones like retirement.,5,9,Long-Term
23,Volunteer for a local charity or cause.,Volunteer for a local charity or cause.,6,8,Long-Term
23,Participate in a community clean-up event.,Participate in a community clean-up event.,6,10,Long-Term
23,Donate to a cause you care about.,Donate to a cause you care about.,6,10,Long-Term
23,Support a local business or initiative.,Support a local business or initiative.,6,7,Long-Term
23,Get involved in local government or activism.,Get involved in local government or activism.,6,8,Short-Term
23,Plan a leisure trip or vacation.,Plan a leisure trip or vacation.,7,8,Short-Term
23,Engage in a new hobby or pastime.,Engage in a new hobby or pastime.,7,9,Long-Term
23,Take time off to relax and unwind.,Take time off to relax and unwind.,7,9,Long-Term
23,Explore local cultural or recreational activities.,Explore local cultural or recreational activities.,7,9,Short-Term
23,Spend time outdoors or in nature.,Spend time outdoors or in nature.,7,7,Short-Term
24,Plan a family weekend outing.,Plan a family weekend outing.,1,10,Long-Term
24,Host a family dinner night every week.,Host a family dinner night every week.,1,10,Long-Term
24,Create a family budget and stick to it.,Create a family budget and stick to it.,1,9,Long-Term
24,Start a family book club.,Start a family book club.,1,7,Long-Term
24,Volunteer together as a family.,Volunteer together as a family.,1,7,Short-Term
24,Complete a personal development course.,Complete a personal development course.,2,7,Long-Term
24,Read a new self-help book each month.,Read a new self-help book each month.,2,8,Long-Term
24,Set and achieve a personal fitness goal.,Set and achieve a personal fitness goal.,2,7,Short-Term
24,Learn a new language or skill.,Learn a new language or skill.,2,7,Long-Term
24,Practice mindfulness or meditation daily.,Practice mindfulness or meditation daily.,2,10,Short-Term
24,Exercise regularly and maintain a fitness routine.,Exercise regularly and maintain a fitness routine.,3,8,Long-Term
24,Eat a balanced and healthy diet.,Eat a balanced and healthy diet.,3,10,Short-Term
24,Get regular medical check-ups.,Get regular medical check-ups.,3,7,Long-Term
24,Practice daily mental health exercises.,Practice daily mental health exercises.,3,8,Long-Term
24,Ensure proper sleep hygiene.,Ensure proper sleep hygiene.,3,10,Short-Term
24,Attend a professional workshop or seminar.,Attend a professional workshop or seminar.,4,9,Short-Term
24,Achieve a new certification relevant to your field.,Achieve a new certification relevant to your field.,4,10,Short-Term
24,Set and work towards career advancement goals.,Set and work towards career advancement goals.,4,9,Long-Term
24,Improve your networking skills by attending industry events.,Improve your networking skills by attending industry events.,4,9,Short-Term
24,Develop a new skill or competency.,Develop a new skill or competency.,4,10,Short-Term
24,Create and follow a personal budget.,Create and follow a personal budget.,5,10,Long-Term
24,Start an emergency savings fund.,Start an emergency savings fund.,5,7,Short-Term
24,Invest in long-term financial growth.,Invest in long-term financial growth.,5,10,Long-Term
24,Pay off any outstanding debt.,Pay off any outstanding debt.,5,8,Long-Term
24,Plan for future financial milestones like retirement.,Plan for future financial milestones like retirement.,5,9,Long-Term
24,Volunteer for a local charity or cause.,Volunteer for a local charity or cause.,6,7,Long-Term
24,Participate in a community clean-up event.,Participate in a community clean-up event.,6,10,Long-Term
24,Donate to a cause you care about.,Donate to a cause you care about.,6,9,Long-Term
24,Support a local business or initiative.,Support a local business or initiative.,6,7,Long-Term
24,Get involved in local government or activism.,Get involved in local government or activism.,6,9,Short-Term
24,Plan a leisure trip or vacation.,Plan a leisure trip or vacation.,7,10,Short-Term
24,Engage in a new hobby or pastime.,Engage in a new hobby or pastime.,7,10,Short-Term
24,Take time off to relax and unwind.,Take time off to relax and unwind.,7,7,Long-Term
24,Explore local cultural or recreational activities.,Explore local cultural or recreational activities.,7,8,Short-Term
24,Spend time outdoors or in nature.,Spend time outdoors or in nature.,7,8,Long-Term
25,Plan a family weekend outing.,Plan a family weekend outing.,1,7,Long-Term
25,Host a family dinner night every week.,Host a family dinner night every week.,1,8,Short-Term
25,Create a family budget and stick to it.,Create a family budget and stick to it.,1,9,Short-Term
25,Start a family book club.,Start a family book club.,1,9,Short-Term
25,Volunteer together as a family.,Volunteer together as a family.,1,9,Short-Term
25,Complete a personal development course.,Complete a personal development course.,2,9,Short-Term
25,Read a new self-help book each month.,Read a new self-help book each month.,2,9,Short-Term
25,Set and achieve a personal fitness goal.,Set and achieve a personal fitness goal.,2,9,Short-Term
25,Learn a new language or skill.,Learn a new language or skill.,2,8,Long-Term
25,Practice mindfulness or meditation daily.,Practice mindfulness or meditation daily.,2,10,Long-Term
25,Exercise regularly and maintain a fitness routine.,Exercise regularly and maintain a fitness routine.,3,9,Long-Term
25,Eat a balanced and healthy diet.,Eat a balanced and healthy diet.,3,10,Long-Term
25,Get regular medical check-ups.,Get regular medical check-ups.,3,10,Short-Term
25,Practice daily mental health exercises.,Practice daily mental health exercises.,3,10,Short-Term
25,Ensure proper sleep hygiene.,Ensure proper sleep hygiene.,3,7,Long-Term
25,Attend a professional workshop or seminar.,Attend a professional workshop or seminar.,4,8,Long-Term
25,Achieve a new certification relevant to your field.,Achieve a new certification relevant to your field.,4,9,Short-Term
25,Set and work towards career advancement goals.,Set and work towards career advancement goals.,4,7,Long-Term
25,Improve your networking skills by attending industry events.,Improve your networking skills by attending industry events.,4,9,Short-Term
25,Develop a new skill or competency.,Develop a new skill or competency.,4,9,Short-Term
25,Create and follow a personal budget.,Create and follow a personal budget.,5,9,Short-Term
25,Start an emergency savings fund.,Start an emergency savings fund.,5,9,Short-Term
25,Invest in long-term financial growth.,Invest in long-term financial growth.,5,7,Short-Term
25,Pay off any outstanding debt.,Pay off any outstanding debt.,5,7,Short-Term
25,Plan for future financial milestones like retirement.,Plan for future financial milestones like retirement.,5,8,Long-Term
25,Volunteer for a local charity or cause.,Volunteer for a local charity or cause.,6,8,Long-Term
25,Participate in a community clean-up event.,Participate in a community clean-up event.,6,10,Long-Term
25,Donate to a cause you care about.,Donate to a cause you care about.,6,9,Short-Term
25,Support a local business or initiative.,Support a local business or initiative.,6,8,Long-Term
25,Get involved in local government or activism.,Get involved in local government or activism.,6,8,Long-Term
25,Plan a leisure trip or vacation.,Plan a leisure trip or vacation.,7,8,Long-Term
25,Engage in a new hobby or pastime.,Engage in a new hobby or pastime.,7,8,Short-Term
25,Take time off to relax and unwind.,Take time off to relax and unwind.,7,9,Long-Term
25,Explore local cultural or recreational activities.,Explore local cultural or recreational activities.,7,10,Long-Term
25,Spend time outdoors or in nature.,Spend time outdoors or in nature.,7,7,Long-Term
26,Plan a family weekend outing.,Plan a family weekend outing.,1,10,Long-Term
26,Host a family dinner night every week.,Host a family dinner night every week.,1,10,Short-Term
26,Create a family budget and stick to it.,Create a family budget and stick to it.,1,10,Long-Term
26,Start a family book club.,Start a family book club.,1,10,Long-Term
26,Volunteer together as a family.,Volunteer together as a family.,1,7,Short-Term
26,Complete a personal development course.,Complete a personal development course.,2,8,Long-Term
26,Read a new self-help book each month.,Read a new self-help book each month.,2,8,Long-Term
26,Set and achieve a personal fitness goal.,Set and achieve a personal fitness goal.,2,8,Short-Term
26,Learn a new language or skill.,Learn a new language or skill.,2,9,Short-Term
26,Practice mindfulness or meditation daily.,Practice mindfulness or meditation daily.,2,10,Short-Term
26,Exercise regularly and maintain a fitness routine.,Exercise regularly and maintain a fitness routine.,3,7,Short-Term
26,Eat a balanced and healthy diet.,Eat a balanced and healthy diet.,3,9,Short-Term
26,Get regular medical check-ups.,Get regular medical check-ups.,3,10,Long-Term
26,Practice daily mental health exercises.,Practice daily mental health exercises.,3,8,Long-Term
26,Ensure proper sleep hygiene.,Ensure proper sleep hygiene.,3,9,Short-Term
26,Attend a professional workshop or seminar.,Attend a professional workshop or seminar.,4,10,Long-Term
26,Achieve a new certification relevant to your field.,Achieve a new certification relevant to your field.,4,7,Long-Term
26,Set and work towards career advancement goals.,Set and work towards career advancement goals.,4,7,Short-Term
26,Improve your networking skills by attending industry events.,Improve your networking skills by attending industry events.,4,9,Short-Term
26,Develop a new skill or competency.,Develop a new skill or competency.,4,10,Long-Term
26,Create and follow a personal budget.,Create and follow a personal budget.,5,7,Short-Term
26,Start an emergency savings fund.,Start an emergency savings fund.,5,8,Long-Term
26,Invest in long-term financial growth.,Invest in long-term financial growth.,5,9,Long-Term
26,Pay off any outstanding debt.,Pay off any outstanding debt.,5,8,Long-Term
26,Plan for future financial milestones like retirement.,Plan for future financial milestones like retirement.,5,7,Short-Term
26,Volunteer for a local charity or cause.,Volunteer for a local charity or cause.,6,7,Short-Term
26,Participate in a community clean-up event.,Participate in a community clean-up event.,6,9,Short-Term
26,Donate to a cause you care about.,Donate to a cause you care about.,6,7,Long-Term
26,Support a local business or initiative.,Support a local business or initiative.,6,9,Short-Term
26,Get involved in local government or activism.,Get involved in local government or activism.,6,8,Short-Term
26,Plan a leisure trip or vacation.,Plan a leisure trip or vacation.,7,7,Long-Term
26,Engage in a new hobby or pastime.,Engage in a new hobby or pastime.,7,10,Short-Term
26,Take time off to relax and unwind.,Take time off to relax and unwind.,7,10,Short-Term
26,Explore local cultural or recreational activities.,Explore local cultural or recreational activities.,7,8,Long-Term
26,Spend time outdoors or in nature.,Spend time outdoors or in nature.,7,7,Long-Term
