title,description,created_by,is_custom,impact_score,goal_type,role_ids,created_at,updated_at
Enhance listening skills,Focus on active listening to fully understand others before responding.,,FALSE,3,Professional,37,2024-08-14 17:52:50,2024-08-14 17:52:50
Practice clear and concise messaging,Work on delivering your messages clearly and concisely to avoid misunderstandings.,,FALSE,3,Professional,37,2024-08-14 17:52:50,2024-08-14 17:52:50
Adapt communication style to the audience,Tailor your communication style to suit the preferences and needs of your audience.,,FALSE,3,Professional,37,2024-08-14 17:52:50,2024-08-14 17:52:50
Use positive body language,Enhance your communication with positive body language that supports your message.,,FALSE,3,Professional,37,2024-08-14 17:52:50,2024-08-14 17:52:50
Improve public speaking skills,Develop confidence and clarity in public speaking through practice and feedback.,,FALSE,3,Professional,37,2024-08-14 17:52:50,2024-08-14 17:52:50
Provide constructive feedback,Offer constructive feedback to others in a way that is respectful and helpful.,,FALSE,3,Professional,37,2024-08-14 17:52:50,2024-08-14 17:52:50
Encourage open dialogue,Promote open and honest communication in your team or group settings.,,FALSE,3,Professional,37,2024-08-14 17:52:50,2024-08-14 17:52:50
Enhance written communication,Work on your written communication skills to ensure your messages are clear and professional.,,FALSE,3,Professional,37,2024-08-14 17:52:50,2024-08-14 17:52:50
Build rapport with others,Develop strong relationships through effective and empathetic communication.,,FALSE,3,Professional,37,2024-08-14 17:52:50,2024-08-14 17:52:50
Practice active listening,Engage in active listening to fully understand and respond to others.,,FALSE,3,Professional,37,2024-08-14 17:52:50,2024-08-14 17:52:50
Manage conflicts with communication,Use effective communication strategies to resolve conflicts and maintain positive relationships.,,FALSE,3,Professional,37,2024-08-14 17:52:50,2024-08-14 17:52:50
Ask clarifying questions,Ask questions to clarify understanding and avoid miscommunication.,,FALSE,3,Professional,37,2024-08-14 17:52:50,2024-08-14 17:52:50
Enhance non-verbal communication,"Be mindful of your non-verbal cues, such as facial expressions and gestures, to support your verbal messages.",,FALSE,3,Professional,37,2024-08-14 17:52:50,2024-08-14 17:52:50
Foster an inclusive communication environment,Promote inclusivity by ensuring that all voices are heard and valued in discussions.,,FALSE,3,Professional,37,2024-08-14 17:52:50,2024-08-14 17:52:50
Practice active feedback loops,Create feedback loops where communication is continuously improved through feedback.,,FALSE,3,Professional,37,2024-08-14 17:52:50,2024-08-14 17:52:50
Use storytelling to convey messages,Incorporate storytelling into your communication to engage and inspire your audience.,,FALSE,3,Professional,37,2024-08-14 17:52:50,2024-08-14 17:52:50
Build trust through transparency,Enhance trust in your communication by being transparent and honest.,,FALSE,3,Professional,37,2024-08-14 17:52:50,2024-08-14 17:52:50
Use technology to enhance communication,Leverage technology tools to facilitate and improve communication within your team.,,FALSE,3,Professional,37,2024-08-14 17:52:50,2024-08-14 17:52:50
Communicate with empathy,Approach your communication with empathy to connect with others on a deeper level.,,FALSE,3,Professional,37,2024-08-14 17:52:50,2024-08-14 17:52:50
Reflect on communication experiences,Regularly reflect on your communication experiences to identify areas for improvement.,,FALSE,3,Professional,37,2024-08-14 17:52:50,2024-08-14 17:52:50
Set learning goals,Identify specific areas of knowledge or skills you want to develop and set clear learning goals.,,FALSE,3,Personal Development,17,2024-08-14 17:52:50,2024-08-14 17:52:50
Develop a study schedule,Create a study schedule that allocates time for learning and practice.,,FALSE,3,Personal Development,17,2024-08-14 17:52:50,2024-08-14 17:52:50
Engage in active learning,"Use active learning techniques, such as summarizing, questioning, and discussing, to enhance understanding.",,FALSE,3,Personal Development,17,2024-08-14 17:52:50,2024-08-14 17:52:50
Seek feedback on progress,"Ask for feedback from teachers, mentors, or peers to improve your learning process.",,FALSE,3,Personal Development,17,2024-08-14 17:52:50,2024-08-14 17:52:50
Utilize a variety of learning resources,"Explore different learning resources, such as books, online courses, videos, and podcasts, to broaden your knowledge.",,FALSE,3,Personal Development,17,2024-08-14 17:52:50,2024-08-14 17:52:50
Participate in group learning activities,Join study groups or learning communities to collaborate and learn from others.,,FALSE,3,Personal Development,17,2024-08-14 17:52:50,2024-08-14 17:52:50
Practice critical thinking,"Engage in activities that challenge your critical thinking skills, such as problem-solving and analysis.",,FALSE,3,Personal Development,17,2024-08-14 17:52:50,2024-08-14 17:52:50
Apply what you've learned,Find opportunities to apply new knowledge and skills in practical situations.,,FALSE,3,Personal Development,17,2024-08-14 17:52:50,2024-08-14 17:52:50
Stay curious and ask questions,Maintain a curious mindset by asking questions and exploring new topics.,,FALSE,3,Personal Development,17,2024-08-14 17:52:50,2024-08-14 17:52:50
Evaluate your learning progress,Regularly assess your progress and adjust your learning strategies as needed.,,FALSE,3,Personal Development,17,2024-08-14 17:52:50,2024-08-14 17:52:50
Set long-term learning goals,Identify long-term goals for your education or personal development and create a plan to achieve them.,,FALSE,3,Personal Development,17,2024-08-14 17:52:50,2024-08-14 17:52:50
Develop a growth mindset,Adopt a growth mindset by viewing challenges as opportunities to learn and grow.,,FALSE,3,Personal Development,17,2024-08-14 17:52:50,2024-08-14 17:52:50
Balance learning with rest,Ensure that you balance study time with rest and relaxation to maintain well-being.,,FALSE,3,Personal Development,17,2024-08-14 17:52:50,2024-08-14 17:52:50
Take notes effectively,Develop effective note-taking skills to capture and organize important information.,,FALSE,3,Personal Development,17,2024-08-14 17:52:50,2024-08-14 17:52:50
Engage in self-directed learning,Take initiative in directing your own learning by choosing topics that interest you.,,FALSE,3,Personal Development,17,2024-08-14 17:52:50,2024-08-14 17:52:50
Expand your knowledge base,Explore diverse subjects to build a broad knowledge base and interdisciplinary skills.,,FALSE,3,Personal Development,17,2024-08-14 17:52:50,2024-08-14 17:52:50
Overcome learning obstacles,Identify and address obstacles that may hinder your learning process.,,FALSE,3,Personal Development,17,2024-08-14 17:52:50,2024-08-14 17:52:50
Stay motivated and persistent,"Maintain motivation and persistence, even when faced with challenging material.",,FALSE,3,Personal Development,17,2024-08-14 17:52:50,2024-08-14 17:52:50
Use technology to enhance learning,"Leverage technology tools, such as educational apps and online platforms, to support your learning.",,FALSE,3,Personal Development,17,2024-08-14 17:52:50,2024-08-14 17:52:50
Reflect on your learning journey,Take time to reflect on what you have learned and how it has impacted your personal and professional growth.,,FALSE,3,Personal Development,17,2024-08-14 17:52:50,2024-08-14 17:52:50
Provide regular exercise,Ensure your pet receives regular exercise to maintain their physical health.,,FALSE,3,Personal Development,26,2024-08-14 17:52:50,2024-08-14 17:52:50
Schedule regular vet visits,Keep up with regular veterinary visits to monitor and maintain your pet's health.,,FALSE,3,Personal Development,26,2024-08-14 17:52:50,2024-08-14 17:52:50
Feed a balanced diet,Provide your pet with a balanced diet that meets their nutritional needs.,,FALSE,3,Personal Development,26,2024-08-14 17:52:50,2024-08-14 17:52:50
Create a safe living environment,Ensure that your home is safe and comfortable for your pet.,,FALSE,3,Personal Development,26,2024-08-14 17:52:50,2024-08-14 17:52:50
Train and socialize your pet,Invest time in training and socializing your pet to promote good behavior and confidence.,,FALSE,3,Personal Development,26,2024-08-14 17:52:50,2024-08-14 17:52:50
Show affection and attention,"Spend quality time with your pet, showing them affection and attention.",,FALSE,3,Personal Development,26,2024-08-14 17:52:50,2024-08-14 17:52:50
Keep up with grooming,Regularly groom your pet to maintain their hygiene and comfort.,,FALSE,3,Personal Development,26,2024-08-14 17:52:50,2024-08-14 17:52:50
Provide mental stimulation,"Engage your pet with toys, puzzles, and activities that stimulate their mind.",,FALSE,3,Personal Development,26,2024-08-14 17:52:50,2024-08-14 17:52:50
Monitor your pet's health,Be vigilant about any changes in your pet's behavior or health and address issues promptly.,,FALSE,3,Personal Development,26,2024-08-14 17:52:50,2024-08-14 17:52:50
Ensure proper identification,"Make sure your pet has proper identification, such as a microchip or ID tag.",,FALSE,3,Personal Development,26,2024-08-14 17:52:50,2024-08-14 17:52:50
Prepare for emergencies,"Have a plan in place for emergencies, including a pet first aid kit and emergency contacts.",,FALSE,3,Personal Development,26,2024-08-14 17:52:50,2024-08-14 17:52:50
Establish a routine,Create a daily routine that provides structure and stability for your pet.,,FALSE,3,Personal Development,26,2024-08-14 17:52:50,2024-08-14 17:52:50
Respect your pet's needs,Understand and respect your pet's unique needs and preferences.,,FALSE,3,Personal Development,26,2024-08-14 17:52:50,2024-08-14 17:52:50
Provide companionship,"Ensure your pet has companionship and social interaction, especially if they are left alone for long periods.",,FALSE,3,Personal Development,26,2024-08-14 17:52:50,2024-08-14 17:52:50
Educate yourself about your pet's breed,Learn about your pet's breed-specific traits and needs to provide better care.,,FALSE,3,Personal Development,26,2024-08-14 17:52:50,2024-08-14 17:52:50
Be patient and understanding,"Show patience and understanding, especially during training or behavioral challenges.",,FALSE,3,Personal Development,26,2024-08-14 17:52:50,2024-08-14 17:52:50
Create a pet-friendly home,Make your home environment pet-friendly with appropriate spaces and safety measures.,,FALSE,3,Personal Development,26,2024-08-14 17:52:50,2024-08-14 17:52:50
Provide a variety of toys and enrichment,Offer a range of toys and activities to keep your pet entertained and mentally stimulated.,,FALSE,3,Personal Development,26,2024-08-14 17:52:50,2024-08-14 17:52:50
Respect your pet's boundaries,Recognize and respect your pet's boundaries and personal space.,,FALSE,3,Personal Development,26,2024-08-14 17:52:50,2024-08-14 17:52:50
Build a strong bond with your pet,"Focus on building a strong, trusting, and loving bond with your pet.",,FALSE,3,Personal Development,26,2024-08-14 17:52:50,2024-08-14 17:52:50
Develop a clear vision,Articulate a clear and compelling vision for your team or organization to inspire and guide others.,,FALSE,3,Professional,36,2024-08-14 17:52:50,2024-08-14 17:52:50
Lead by example,"Demonstrate the behaviors, values, and work ethic you expect from your team.",,FALSE,3,Professional,36,2024-08-14 17:52:50,2024-08-14 17:52:50
Foster open communication,Encourage open and honest communication within your team to build trust and collaboration.,,FALSE,3,Professional,36,2024-08-14 17:52:50,2024-08-14 17:52:50
Support professional development,Invest in the professional growth and development of your team members.,,FALSE,3,Professional,36,2024-08-14 17:52:50,2024-08-14 17:52:50
Make informed decisions,"Base your decisions on data, analysis, and input from others to make informed and effective choices.",,FALSE,3,Professional,36,2024-08-14 17:52:50,2024-08-14 17:52:50
Delegate effectively,Empower your team by delegating tasks and responsibilities appropriately.,,FALSE,3,Professional,36,2024-08-14 17:52:50,2024-08-14 17:52:50
Build a positive team culture,Cultivate a positive and inclusive team culture that promotes collaboration and well-being.,,FALSE,3,Professional,36,2024-08-14 17:52:50,2024-08-14 17:52:50
Provide constructive feedback,"Offer regular, constructive feedback to help team members improve and succeed.",,FALSE,3,Professional,36,2024-08-14 17:52:50,2024-08-14 17:52:50
Adapt to change,"Show flexibility and adaptability in the face of change, leading your team through transitions effectively.",,FALSE,3,Professional,36,2024-08-14 17:52:50,2024-08-14 17:52:50
Recognize and reward achievements,Acknowledge and celebrate the achievements and contributions of your team members.,,FALSE,3,Professional,36,2024-08-14 17:52:50,2024-08-14 17:52:50
Manage conflicts effectively,Address and resolve conflicts within your team in a fair and constructive manner.,,FALSE,3,Professional,36,2024-08-14 17:52:50,2024-08-14 17:52:50
Encourage innovation,Foster a culture of innovation by encouraging new ideas and creative solutions.,,FALSE,3,Professional,36,2024-08-14 17:52:50,2024-08-14 17:52:50
Build strong relationships,"Develop strong, trust-based relationships with team members and stakeholders.",,FALSE,3,Professional,36,2024-08-14 17:52:50,2024-08-14 17:52:50
Maintain transparency,Be transparent in your decision-making and communication to build trust and accountability.,,FALSE,3,Professional,36,2024-08-14 17:52:50,2024-08-14 17:52:50
Promote work-life balance,Support work-life balance within your team by setting reasonable expectations and respecting personal time.,,FALSE,3,Professional,36,2024-08-14 17:52:50,2024-08-14 17:52:50
Lead with empathy,Demonstrate empathy and understanding in your leadership to build a supportive and compassionate team environment.,,FALSE,3,Professional,36,2024-08-14 17:52:50,2024-08-14 17:52:50
Set clear goals and expectations,Clearly define goals and expectations for your team to ensure alignment and focus.,,FALSE,3,Professional,36,2024-08-14 17:52:50,2024-08-14 17:52:50
Stay informed about industry trends,Keep up-to-date with industry trends and best practices to guide your team's strategic direction.,,FALSE,3,Professional,36,2024-08-14 17:52:50,2024-08-14 17:52:50
Encourage team collaboration,Promote teamwork and collaboration by creating opportunities for team members to work together.,,FALSE,3,Professional,36,2024-08-14 17:52:50,2024-08-14 17:52:50
Reflect on your leadership style,"Regularly assess and reflect on your leadership style, seeking feedback and making improvements as needed.",,FALSE,3,Professional,36,2024-08-14 17:52:50,2024-08-14 17:52:50
Be a trusted listener,Offer a safe and non-judgmental space for others to share their thoughts and feelings.,,FALSE,3,Personal Development,24,2024-08-14 17:52:50,2024-08-14 17:52:50
Maintain confidentiality,Respect the privacy of those who confide in you by keeping their information confidential.,,FALSE,3,Personal Development,24,2024-08-14 17:52:50,2024-08-14 17:52:50
Provide emotional support,Offer emotional support and understanding to those who seek your guidance.,,FALSE,3,Personal Development,24,2024-08-14 17:52:50,2024-08-14 17:52:50
Offer thoughtful advice,"Provide thoughtful and considered advice when asked, based on your knowledge and experience.",,FALSE,3,Personal Development,24,2024-08-14 17:52:50,2024-08-14 17:52:50
Be empathetic and understanding,Show empathy and understanding in your interactions with others.,,FALSE,3,Personal Development,24,2024-08-14 17:52:50,2024-08-14 17:52:50
Respect boundaries,Be mindful of and respect the boundaries set by those who confide in you.,,FALSE,3,Personal Development,24,2024-08-14 17:52:50,2024-08-14 17:52:50
Listen without judgment,Practice non-judgmental listening to create a supportive environment for others.,,FALSE,3,Personal Development,24,2024-08-14 17:52:50,2024-08-14 17:52:50
Build trust over time,Develop trust gradually through consistent and reliable behavior.,,FALSE,3,Personal Development,24,2024-08-14 17:52:50,2024-08-14 17:52:50
Encourage open communication,Promote open and honest communication to strengthen your relationship with others.,,FALSE,3,Personal Development,24,2024-08-14 17:52:50,2024-08-14 17:52:50
Support their decisions,"Respect and support the decisions of those who seek your advice, even if you may not fully agree.",,FALSE,3,Personal Development,24,2024-08-14 17:52:50,2024-08-14 17:52:50
Be reliable and dependable,Show that others can rely on you by being dependable and consistent.,,FALSE,3,Personal Development,24,2024-08-14 17:52:50,2024-08-14 17:52:50
Foster a non-judgmental atmosphere,Create an atmosphere where others feel safe to express themselves without fear of judgment.,,FALSE,3,Personal Development,24,2024-08-14 17:52:50,2024-08-14 17:52:50
Help them explore options,Assist others in exploring different options and perspectives to help them make informed decisions.,,FALSE,3,Personal Development,24,2024-08-14 17:52:50,2024-08-14 17:52:50
Encourage self-reflection,Promote self-reflection in others to help them gain insights into their own thoughts and behaviors.,,FALSE,3,Personal Development,24,2024-08-14 17:52:50,2024-08-14 17:52:50
Be patient and supportive,Demonstrate patience and support as others work through their challenges.,,FALSE,3,Personal Development,24,2024-08-14 17:52:50,2024-08-14 17:52:50
Celebrate their growth,Acknowledge and celebrate the personal growth and progress of those you support.,,FALSE,3,Personal Development,24,2024-08-14 17:52:50,2024-08-14 17:52:50
Share your own experiences,"Use your own experiences to provide perspective and guidance, when appropriate.",,FALSE,3,Personal Development,24,2024-08-14 17:52:50,2024-08-14 17:52:50
Be available when needed,Make yourself available to those who need your support and advice.,,FALSE,3,Personal Development,24,2024-08-14 17:52:50,2024-08-14 17:52:50
Encourage positive thinking,Promote positive thinking and a solution-focused mindset in your interactions with others.,,FALSE,3,Personal Development,24,2024-08-14 17:52:50,2024-08-14 17:52:50
Respect their journey,Understand that everyone is on their own journey and offer support without imposing your own beliefs.,,FALSE,3,Personal Development,24,2024-08-14 17:52:50,2024-08-14 17:52:50
Build a supportive relationship,Establish a trusting and supportive relationship with your mentee.,,FALSE,3,Personal Development,25,2024-08-14 17:52:50,2024-08-14 17:52:50
Share personal experiences,Use your own personal experiences to provide valuable insights and guidance.,,FALSE,3,Personal Development,25,2024-08-14 17:52:50,2024-08-14 17:52:50
Set clear goals together,Collaborate with your mentee to set clear and achievable personal development goals.,,FALSE,3,Personal Development,25,2024-08-14 17:52:50,2024-08-14 17:52:50
Provide honest feedback,Offer honest and constructive feedback to help your mentee grow and improve.,,FALSE,3,Personal Development,25,2024-08-14 17:52:50,2024-08-14 17:52:50
Encourage self-reflection,Promote self-reflection in your mentee to help them understand their strengths and areas for growth.,,FALSE,3,Personal Development,25,2024-08-14 17:52:50,2024-08-14 17:52:50
Support emotional well-being,Be attentive to your mentee's emotional well-being and provide support when needed.,,FALSE,3,Personal Development,25,2024-08-14 17:52:50,2024-08-14 17:52:50
Help them navigate challenges,Assist your mentee in navigating personal challenges and finding effective solutions.,,FALSE,3,Personal Development,25,2024-08-14 17:52:50,2024-08-14 17:52:50
Be a role model,Demonstrate positive behaviors and attitudes that your mentee can emulate.,,FALSE,3,Personal Development,25,2024-08-14 17:52:50,2024-08-14 17:52:50
Encourage a growth mindset,Promote a growth mindset by encouraging your mentee to view challenges as opportunities for learning.,,FALSE,3,Personal Development,25,2024-08-14 17:52:50,2024-08-14 17:52:50
Celebrate their successes,Acknowledge and celebrate your mentee's achievements and milestones.,,FALSE,3,Personal Development,25,2024-08-14 17:52:50,2024-08-14 17:52:50
Maintain regular communication,Keep regular communication with your mentee to stay informed about their progress.,,FALSE,3,Personal Development,25,2024-08-14 17:52:50,2024-08-14 17:52:50
Provide resources and tools,Offer resources and tools that can help your mentee achieve their personal goals.,,FALSE,3,Personal Development,25,2024-08-14 17:52:50,2024-08-14 17:52:50
Be patient and understanding,Show patience and understanding as your mentee works through their personal development journey.,,FALSE,3,Personal Development,25,2024-08-14 17:52:50,2024-08-14 17:52:50
Encourage self-directed learning,Support your mentee in taking initiative in their own learning and development.,,FALSE,3,Personal Development,25,2024-08-14 17:52:50,2024-08-14 17:52:50
Foster open communication,Promote open and honest communication to build a strong mentoring relationship.,,FALSE,3,Personal Development,25,2024-08-14 17:52:50,2024-08-14 17:52:50
Respect their individuality,Appreciate and respect your mentee's unique qualities and individuality.,,FALSE,3,Personal Development,25,2024-08-14 17:52:50,2024-08-14 17:52:50
Help them build confidence,Support your mentee in building confidence in their abilities and potential.,,FALSE,3,Personal Development,25,2024-08-14 17:52:50,2024-08-14 17:52:50
Encourage work-life balance,Promote the importance of maintaining a healthy work-life balance in your mentee's life.,,FALSE,3,Personal Development,25,2024-08-14 17:52:50,2024-08-14 17:52:50
Adapt to their needs,Be flexible and adapt your mentoring approach to meet the specific needs of your mentee.,,FALSE,3,Personal Development,25,2024-08-14 17:52:50,2024-08-14 17:52:50
Reflect on the mentoring relationship,Regularly assess the effectiveness of your mentoring relationship and make adjustments as needed.,,FALSE,3,Personal Development,25,2024-08-14 17:52:50,2024-08-14 17:52:50
Be a reliable confidant,Be someone your best friend can trust and confide in without judgment.,,FALSE,3,Social,22,2024-08-14 17:52:50,2024-08-14 17:52:50
Celebrate their successes,Acknowledge and celebrate your best friend's achievements and milestones.,,FALSE,3,Social,22,2024-08-14 17:52:50,2024-08-14 17:52:50
Stay in regular contact,"Maintain regular communication with your best friend through calls, messages, or meetups.",,FALSE,3,Social,22,2024-08-14 17:52:50,2024-08-14 17:52:50
Offer support during tough times,"Be there for your best friend when they face challenges, offering emotional and practical support.",,FALSE,3,Social,22,2024-08-14 17:52:50,2024-08-14 17:52:50
Plan meaningful experiences together,Create and share memorable experiences with your best friend to strengthen your bond.,,FALSE,3,Social,22,2024-08-14 17:52:50,2024-08-14 17:52:50
Listen actively and empathetically,Practice active listening to understand your best friend's feelings and perspectives.,,FALSE,3,Social,22,2024-08-14 17:52:50,2024-08-14 17:52:50
Respect their boundaries,Understand and respect your best friend's personal boundaries and space.,,FALSE,3,Social,22,2024-08-14 17:52:50,2024-08-14 17:52:50
Share interests and hobbies,Engage in activities that you both enjoy together to deepen your connection.,,FALSE,3,Social,22,2024-08-14 17:52:50,2024-08-14 17:52:50
Resolve conflicts peacefully,Address and resolve any conflicts with your best friend in a respectful and constructive manner.,,FALSE,3,Social,22,2024-08-14 17:52:50,2024-08-14 17:52:50
Show appreciation and gratitude,Express appreciation for your best friend and the positive impact they have on your life.,,FALSE,3,Social,22,2024-08-14 17:52:50,2024-08-14 17:52:50
Be honest and trustworthy,"Maintain trust in your friendship by being honest, reliable, and keeping confidences.",,FALSE,3,Social,22,2024-08-14 17:52:50,2024-08-14 17:52:50
Support their personal growth,Encourage and support your best friend's efforts to grow and achieve their goals.,,FALSE,3,Social,22,2024-08-14 17:52:50,2024-08-14 17:52:50
Be there for important life events,"Be present for significant life events in your best friend's life, offering support and celebration.",,FALSE,3,Social,22,2024-08-14 17:52:50,2024-08-14 17:52:50
Maintain a positive attitude,Cultivate a positive and uplifting attitude in your interactions with your best friend.,,FALSE,3,Social,22,2024-08-14 17:52:50,2024-08-14 17:52:50
Respect their individuality,Appreciate and respect your best friend's unique qualities and individuality.,,FALSE,3,Social,22,2024-08-14 17:52:50,2024-08-14 17:52:50
Share advice when needed,Offer advice and guidance to your best friend when they seek your perspective.,,FALSE,3,Social,22,2024-08-14 17:52:50,2024-08-14 17:52:50
Be supportive of their relationships,"Encourage and support your best friend's other relationships, respecting their connections with others.",,FALSE,3,Social,22,2024-08-14 17:52:50,2024-08-14 17:52:50
Offer a helping hand,Be willing to help your best friend when they need assistance or advice.,,FALSE,3,Social,22,2024-08-14 17:52:50,2024-08-14 17:52:50
Create lasting memories,Focus on creating positive and lasting memories with your best friend.,,FALSE,3,Social,22,2024-08-14 17:52:50,2024-08-14 17:52:50
Reflect on your friendship,Take time to reflect on your friendship and consider ways to nurture and strengthen it.,,FALSE,3,Social,22,2024-08-14 17:52:50,2024-08-14 17:52:50
Be a dependable presence,"Be a consistent and dependable presence in your companion's life, offering support and companionship.",,FALSE,3,Social,23,2024-08-14 17:52:50,2024-08-14 17:52:50
Share quality time together,Make time to engage in meaningful activities and conversations with your companion.,,FALSE,3,Social,23,2024-08-14 17:52:50,2024-08-14 17:52:50
Show genuine care and concern,Express genuine care and concern for your companion's well-being and happiness.,,FALSE,3,Social,23,2024-08-14 17:52:50,2024-08-14 17:52:50
Listen with empathy,Practice empathetic listening to understand your companion's feelings and needs.,,FALSE,3,Social,23,2024-08-14 17:52:50,2024-08-14 17:52:50
Celebrate special moments together,Acknowledge and celebrate special moments and milestones with your companion.,,FALSE,3,Social,23,2024-08-14 17:52:50,2024-08-14 17:52:50
Respect personal space and boundaries,Be mindful of your companion's personal space and boundaries to maintain a comfortable relationship.,,FALSE,3,Social,23,2024-08-14 17:52:50,2024-08-14 17:52:50
Be supportive during challenges,Offer support and encouragement to your companion during challenging times.,,FALSE,3,Social,23,2024-08-14 17:52:50,2024-08-14 17:52:50
Share common interests,Engage in activities that you both enjoy to strengthen your bond.,,FALSE,3,Social,23,2024-08-14 17:52:50,2024-08-14 17:52:50
Resolve disagreements peacefully,Address and resolve any disagreements with your companion in a respectful and constructive manner.,,FALSE,3,Social,23,2024-08-14 17:52:50,2024-08-14 17:52:50
Maintain a positive and uplifting attitude,Cultivate a positive and uplifting attitude in your interactions with your companion.,,FALSE,3,Social,23,2024-08-14 17:52:50,2024-08-14 17:52:50
Be trustworthy and reliable,"Maintain trust in your relationship by being honest, reliable, and dependable.",,FALSE,3,Social,23,2024-08-14 17:52:50,2024-08-14 17:52:50
Show appreciation and gratitude,Express appreciation for your companion and the positive impact they have on your life.,,FALSE,3,Social,23,2024-08-14 17:52:50,2024-08-14 17:52:50
Support their goals and aspirations,Encourage and support your companion in achieving their personal goals and aspirations.,,FALSE,3,Social,23,2024-08-14 17:52:50,2024-08-14 17:52:50
Respect their individuality,Appreciate and respect your companion's unique qualities and individuality.,,FALSE,3,Social,23,2024-08-14 17:52:50,2024-08-14 17:52:50
Be open to sharing your thoughts and feelings,Foster open communication by sharing your own thoughts and feelings with your companion.,,FALSE,3,Social,23,2024-08-14 17:52:50,2024-08-14 17:52:50
Offer a helping hand,Be willing to help your companion when they need assistance or advice.,,FALSE,3,Social,23,2024-08-14 17:52:50,2024-08-14 17:52:50
Create a safe and supportive environment,"Work together to create a relationship that is safe, supportive, and conducive to growth.",,FALSE,3,Social,23,2024-08-14 17:52:50,2024-08-14 17:52:50
Reflect on your relationship,Take time to reflect on your relationship and consider ways to nurture and strengthen it.,,FALSE,3,Social,23,2024-08-14 17:52:50,2024-08-14 17:52:50
Be adaptable and flexible,Show adaptability and flexibility in your interactions with your companion.,,FALSE,3,Social,23,2024-08-14 17:52:50,2024-08-14 17:52:50
Build a foundation of trust,Work on building and maintaining trust in your relationship with your companion.,,FALSE,3,Social,23,2024-08-14 17:52:50,2024-08-14 17:52:50
Communicate openly and respectfully,Maintain open and respectful communication with your roommate to address any issues and foster a positive living environment.,,FALSE,3,Social,20,2024-08-14 17:52:50,2024-08-14 17:52:50
Establish house rules together,Collaborate with your roommate to set house rules that promote mutual respect and understanding.,,FALSE,3,Social,20,2024-08-14 17:52:50,2024-08-14 17:52:50
Share household responsibilities,Divide household chores and responsibilities fairly to ensure a harmonious living situation.,,FALSE,3,Social,20,2024-08-14 17:52:50,2024-08-14 17:52:50
Respect personal space and boundaries,Be mindful of your roommate's personal space and boundaries to maintain a comfortable living environment.,,FALSE,3,Social,20,2024-08-14 17:52:50,2024-08-14 17:52:50
Address conflicts calmly and constructively,Approach conflicts with a calm and constructive attitude to resolve issues effectively.,,FALSE,3,Social,20,2024-08-14 17:52:50,2024-08-14 17:52:50
Contribute to a clean and organized home,Maintain cleanliness and organization in shared spaces to create a pleasant living environment.,,FALSE,3,Social,20,2024-08-14 17:52:50,2024-08-14 17:52:50
Support each other's schedules,Be considerate of your roommate's schedule and routines to minimize disruptions.,,FALSE,3,Social,20,2024-08-14 17:52:50,2024-08-14 17:52:50
Share expenses fairly,"Ensure that shared expenses, such as rent and utilities, are divided fairly between you and your roommate.",,FALSE,3,Social,20,2024-08-14 17:52:50,2024-08-14 17:52:50
Plan regular roommate check-ins,Schedule regular check-ins with your roommate to discuss any concerns and maintain open communication.,,FALSE,3,Social,20,2024-08-14 17:52:50,2024-08-14 17:52:50
Be considerate of noise levels,Keep noise levels in shared spaces reasonable to respect your roommate's comfort.,,FALSE,3,Social,20,2024-08-14 17:52:50,2024-08-14 17:52:50
Celebrate milestones together,"Acknowledge and celebrate each other's milestones, such as birthdays or achievements, to strengthen your bond.",,FALSE,3,Social,20,2024-08-14 17:52:50,2024-08-14 17:52:50
Help create a welcoming home environment,Work together to create a welcoming and comfortable home environment for both of you.,,FALSE,3,Social,20,2024-08-14 17:52:50,2024-08-14 17:52:50
Be flexible and accommodating,Show flexibility and willingness to accommodate your roommate's needs and preferences.,,FALSE,3,Social,20,2024-08-14 17:52:50,2024-08-14 17:52:50
Foster a positive living atmosphere,Promote a positive and supportive atmosphere in your shared living space.,,FALSE,3,Social,20,2024-08-14 17:52:50,2024-08-14 17:52:50
Respect each other's guests and visitors,"Be respectful of your roommate's guests and visitors, and establish guidelines for hosting.",,FALSE,3,Social,20,2024-08-14 17:52:50,2024-08-14 17:52:50
Maintain clear communication about finances,Keep clear and transparent communication about shared finances to avoid misunderstandings.,,FALSE,3,Social,20,2024-08-14 17:52:50,2024-08-14 17:52:50
Share common interests,Engage in activities that you both enjoy to strengthen your relationship as roommates.,,FALSE,3,Social,20,2024-08-14 17:52:50,2024-08-14 17:52:50
Be mindful of shared spaces,Be considerate of your roommate's use of shared spaces and ensure they are kept clean and tidy.,,FALSE,3,Social,20,2024-08-14 17:52:50,2024-08-14 17:52:50
Show appreciation for each other's efforts,Express appreciation for your roommate's contributions to the household.,,FALSE,3,Social,20,2024-08-14 17:52:50,2024-08-14 17:52:50
Support each other's well-being,Offer support and understanding to your roommate during challenging times.,,FALSE,3,Social,20,2024-08-14 17:52:50,2024-08-14 17:52:50
Be friendly and approachable,Maintain a friendly and approachable demeanor when interacting with acquaintances.,,FALSE,3,Social,21,2024-08-14 17:52:50,2024-08-14 17:52:50
Show genuine interest in others,Express genuine interest in getting to know acquaintances by asking questions and engaging in conversations.,,FALSE,3,Social,21,2024-08-14 17:52:50,2024-08-14 17:52:50
Build connections through shared interests,Identify shared interests or activities to build connections with acquaintances.,,FALSE,3,Social,21,2024-08-14 17:52:50,2024-08-14 17:52:50
Respect personal boundaries,Be mindful of personal boundaries and avoid being overly intrusive in your interactions with acquaintances.,,FALSE,3,Social,21,2024-08-14 17:52:50,2024-08-14 17:52:50
Offer help when needed,Be willing to offer help or assistance to acquaintances when they are in need.,,FALSE,3,Social,21,2024-08-14 17:52:50,2024-08-14 17:52:50
Maintain a positive attitude,Approach interactions with acquaintances with a positive and upbeat attitude.,,FALSE,3,Social,21,2024-08-14 17:52:50,2024-08-14 17:52:50
Be a good listener,Practice active listening to understand and respond to what acquaintances share with you.,,FALSE,3,Social,21,2024-08-14 17:52:50,2024-08-14 17:52:50
Follow up on conversations,Follow up on previous conversations to show that you remember and value your interactions.,,FALSE,3,Social,21,2024-08-14 17:52:50,2024-08-14 17:52:50
Be respectful and considerate,Treat acquaintances with respect and consideration in all interactions.,,FALSE,3,Social,21,2024-08-14 17:52:50,2024-08-14 17:52:50
Engage in small talk,Use small talk to break the ice and build rapport with acquaintances.,,FALSE,3,Social,21,2024-08-14 17:52:50,2024-08-14 17:52:50
Be punctual and reliable,Demonstrate punctuality and reliability in your commitments with acquaintances.,,FALSE,3,Social,21,2024-08-14 17:52:50,2024-08-14 17:52:50
Respect diversity and differences,Appreciate and respect the diverse backgrounds and perspectives of acquaintances.,,FALSE,3,Social,21,2024-08-14 17:52:50,2024-08-14 17:52:50
Keep communication light and positive,Maintain a light and positive tone in your communication with acquaintances to create a comfortable atmosphere.,,FALSE,3,Social,21,2024-08-14 17:52:50,2024-08-14 17:52:50
Offer compliments and encouragement,Provide compliments and words of encouragement to acquaintances when appropriate.,,FALSE,3,Social,21,2024-08-14 17:52:50,2024-08-14 17:52:50
Be mindful of social cues,Pay attention to social cues to gauge the level of comfort and engagement of acquaintances.,,FALSE,3,Social,21,2024-08-14 17:52:50,2024-08-14 17:52:50
Build trust gradually,Allow trust to develop gradually over time as you build a relationship with acquaintances.,,FALSE,3,Social,21,2024-08-14 17:52:50,2024-08-14 17:52:50
Respect their time and commitments,Be mindful of the time and commitments of acquaintances and avoid imposing on their schedule.,,FALSE,3,Social,21,2024-08-14 17:52:50,2024-08-14 17:52:50
Share positive experiences,Share positive experiences and stories to create a friendly and enjoyable interaction.,,FALSE,3,Social,21,2024-08-14 17:52:50,2024-08-14 17:52:50
Be open to new connections,Be open to meeting new people and expanding your network of acquaintances.,,FALSE,3,Social,21,2024-08-14 17:52:50,2024-08-14 17:52:50
Reflect on your interactions,Take time to reflect on your interactions with acquaintances and consider ways to strengthen those connections.,,FALSE,3,Social,21,2024-08-14 17:52:50,2024-08-14 17:52:50
Set learning goals,Identify specific areas of knowledge or skills you want to develop and set clear learning goals.,,FALSE,3,Personal Development,17,2024-08-14 17:52:50,2024-08-14 17:52:50
Develop a study schedule,Create a study schedule that allocates time for learning and practice.,,FALSE,3,Personal Development,17,2024-08-14 17:52:50,2024-08-14 17:52:50
Engage in active learning,"Use active learning techniques, such as summarizing, questioning, and discussing, to enhance understanding.",,FALSE,3,Personal Development,17,2024-08-14 17:52:50,2024-08-14 17:52:50
Seek feedback on progress,"Ask for feedback from teachers, mentors, or peers to improve your learning process.",,FALSE,3,Personal Development,17,2024-08-14 17:52:50,2024-08-14 17:52:50
Utilize a variety of learning resources,"Explore different learning resources, such as books, online courses, videos, and podcasts, to broaden your knowledge.",,FALSE,3,Personal Development,17,2024-08-14 17:52:50,2024-08-14 17:52:50
Participate in group learning activities,Join study groups or learning communities to collaborate and learn from others.,,FALSE,3,Personal Development,17,2024-08-14 17:52:50,2024-08-14 17:52:50
Practice critical thinking,"Engage in activities that challenge your critical thinking skills, such as problem-solving and analysis.",,FALSE,3,Personal Development,17,2024-08-14 17:52:50,2024-08-14 17:52:50
Apply what you've learned,Find opportunities to apply new knowledge and skills in practical situations.,,FALSE,3,Personal Development,17,2024-08-14 17:52:50,2024-08-14 17:52:50
Stay curious and ask questions,Maintain a curious mindset by asking questions and exploring new topics.,,FALSE,3,Personal Development,17,2024-08-14 17:52:50,2024-08-14 17:52:50
Evaluate your learning progress,Regularly assess your progress and adjust your learning strategies as needed.,,FALSE,3,Personal Development,17,2024-08-14 17:52:50,2024-08-14 17:52:50
Set long-term learning goals,Identify long-term goals for your education or personal development and create a plan to achieve them.,,FALSE,3,Personal Development,17,2024-08-14 17:52:50,2024-08-14 17:52:50
Develop a growth mindset,Adopt a growth mindset by viewing challenges as opportunities to learn and grow.,,FALSE,3,Personal Development,17,2024-08-14 17:52:50,2024-08-14 17:52:50
Balance learning with rest,Ensure that you balance study time with rest and relaxation to maintain well-being.,,FALSE,3,Personal Development,17,2024-08-14 17:52:50,2024-08-14 17:52:50
Take notes effectively,Develop effective note-taking skills to capture and organize important information.,,FALSE,3,Personal Development,17,2024-08-14 17:52:50,2024-08-14 17:52:50
Engage in self-directed learning,Take initiative in directing your own learning by choosing topics that interest you.,,FALSE,3,Personal Development,17,2024-08-14 17:52:50,2024-08-14 17:52:50
Expand your knowledge base,Explore diverse subjects to build a broad knowledge base and interdisciplinary skills.,,FALSE,3,Personal Development,17,2024-08-14 17:52:50,2024-08-14 17:52:50
Overcome learning obstacles,Identify and address obstacles that may hinder your learning process.,,FALSE,3,Personal Development,17,2024-08-14 17:52:50,2024-08-14 17:52:50
Stay motivated and persistent,"Maintain motivation and persistence, even when faced with challenging material.",,FALSE,3,Personal Development,17,2024-08-14 17:52:50,2024-08-14 17:52:50
Use technology to enhance learning,"Leverage technology tools, such as educational apps and online platforms, to support your learning.",,FALSE,3,Personal Development,17,2024-08-14 17:52:50,2024-08-14 17:52:50
Reflect on your learning journey,Take time to reflect on what you have learned and how it has impacted your personal and professional growth.,,FALSE,3,Personal Development,17,2024-08-14 17:52:50,2024-08-14 17:52:50
Stay in regular contact,"Maintain regular communication with your friends through calls, messages, or social media.",,FALSE,3,Social,18,2024-08-14 17:52:50,2024-08-14 17:52:50
Plan regular meetups,Organize regular get-togethers with friends to strengthen your bond.,,FALSE,3,Social,18,2024-08-14 17:52:50,2024-08-14 17:52:50
Be a good listener,Practice active listening to understand your friends' feelings and perspectives.,,FALSE,3,Social,18,2024-08-14 17:52:50,2024-08-14 17:52:50
Celebrate special occasions,"Acknowledge and celebrate birthdays, achievements, and other special occasions with your friends.",,FALSE,3,Social,18,2024-08-14 17:52:50,2024-08-14 17:52:50
Offer support during tough times,"Be there for your friends when they face challenges, offering emotional and practical support.",,FALSE,3,Social,18,2024-08-14 17:52:50,2024-08-14 17:52:50
Respect boundaries,Understand and respect your friends' personal boundaries and space.,,FALSE,3,Social,18,2024-08-14 17:52:50,2024-08-14 17:52:50
Be trustworthy,"Maintain trust in your friendships by being honest, reliable, and keeping confidences.",,FALSE,3,Social,18,2024-08-14 17:52:50,2024-08-14 17:52:50
Show appreciation and gratitude,Express appreciation for your friends and the positive impact they have on your life.,,FALSE,3,Social,18,2024-08-14 17:52:50,2024-08-14 17:52:50
Engage in shared interests,Participate in activities that you and your friends enjoy together.,,FALSE,3,Social,18,2024-08-14 17:52:50,2024-08-14 17:52:50
Resolve conflicts peacefully,Address and resolve any conflicts with friends in a respectful and constructive manner.,,FALSE,3,Social,18,2024-08-14 17:52:50,2024-08-14 17:52:50
Be supportive of their goals,Encourage and support your friends in achieving their personal and professional goals.,,FALSE,3,Social,18,2024-08-14 17:52:50,2024-08-14 17:52:50
Offer a helping hand,Be willing to help your friends when they need assistance or advice.,,FALSE,3,Social,18,2024-08-14 17:52:50,2024-08-14 17:52:50
Celebrate diversity,Appreciate and respect the diverse backgrounds and perspectives of your friends.,,FALSE,3,Social,18,2024-08-14 17:52:50,2024-08-14 17:52:50
Be patient and understanding,"Show patience and understanding in your interactions with friends, especially during challenging times.",,FALSE,3,Social,18,2024-08-14 17:52:50,2024-08-14 17:52:50
Maintain positivity,Cultivate a positive and uplifting attitude in your friendships.,,FALSE,3,Social,18,2024-08-14 17:52:50,2024-08-14 17:52:50
Share experiences and memories,Create and share memorable experiences with your friends to strengthen your connection.,,FALSE,3,Social,18,2024-08-14 17:52:50,2024-08-14 17:52:50
Be open to new friendships,Be open to meeting new people and expanding your circle of friends.,,FALSE,3,Social,18,2024-08-14 17:52:50,2024-08-14 17:52:50
Support work-life balance,Encourage your friends to maintain a healthy work-life balance by supporting their need for rest and relaxation.,,FALSE,3,Social,18,2024-08-14 17:52:50,2024-08-14 17:52:50
Be mindful of communication styles,Adapt your communication style to suit the preferences and comfort levels of your friends.,,FALSE,3,Social,18,2024-08-14 17:52:50,2024-08-14 17:52:50
Reflect on your friendships,Take time to reflect on your friendships and consider ways to nurture and strengthen them.,,FALSE,3,Social,18,2024-08-14 17:52:50,2024-08-14 17:52:50
Create a daily to-do list,Organize your daily tasks by creating a to-do list and prioritizing them.,,FALSE,3,Professional,14,2024-08-14 17:52:50,2024-08-14 17:52:50
Set SMART goals,"Set Specific, Measurable, Achievable, Relevant, and Time-bound goals to enhance productivity.",,FALSE,3,Professional,14,2024-08-14 17:52:50,2024-08-14 17:52:50
Use a calendar for scheduling,"Utilize a calendar to schedule appointments, deadlines, and important events.",,FALSE,3,Professional,14,2024-08-14 17:52:50,2024-08-14 17:52:50
Review and adjust plans regularly,Regularly review your plans and make adjustments as needed to stay on track.,,FALSE,3,Professional,14,2024-08-14 17:52:50,2024-08-14 17:52:50
Break down large tasks into smaller steps,"Make large tasks more manageable by breaking them down into smaller, actionable steps.",,FALSE,3,Professional,14,2024-08-14 17:52:50,2024-08-14 17:52:50
Set time limits for tasks,Allocate specific time limits for each task to ensure efficient time management.,,FALSE,3,Professional,14,2024-08-14 17:52:50,2024-08-14 17:52:50
Plan for contingencies,Anticipate potential challenges and plan for contingencies to stay on track.,,FALSE,3,Professional,14,2024-08-14 17:52:50,2024-08-14 17:52:50
Prioritize tasks by importance,Focus on high-priority tasks that have the most impact on your goals.,,FALSE,3,Professional,14,2024-08-14 17:52:50,2024-08-14 17:52:50
Use project management tools,"Leverage project management tools to keep track of tasks, deadlines, and progress.",,FALSE,3,Professional,14,2024-08-14 17:52:50,2024-08-14 17:52:50
Schedule regular breaks,Incorporate regular breaks into your schedule to maintain productivity and well-being.,,FALSE,3,Professional,14,2024-08-14 17:52:50,2024-08-14 17:52:50
Evaluate your planning process,Periodically evaluate your planning process to identify areas for improvement.,,FALSE,3,Professional,14,2024-08-14 17:52:50,2024-08-14 17:52:50
Set long-term goals,Establish long-term goals and create a plan to achieve them over time.,,FALSE,3,Professional,14,2024-08-14 17:52:50,2024-08-14 17:52:50
Plan for personal development,Include personal development activities in your plans to foster growth and learning.,,FALSE,3,Professional,14,2024-08-14 17:52:50,2024-08-14 17:52:50
Delegate tasks when possible,Identify tasks that can be delegated to others to free up time for high-priority activities.,,FALSE,3,Professional,14,2024-08-14 17:52:50,2024-08-14 17:52:50
Plan for work-life balance,Create a balanced schedule that allows time for both work and personal life.,,FALSE,3,Professional,14,2024-08-14 17:52:50,2024-08-14 17:52:50
Use visualization techniques,Visualize your tasks and goals to stay motivated and focused on achieving them.,,FALSE,3,Professional,14,2024-08-14 17:52:50,2024-08-14 17:52:50
Create an organized workspace,Organize your workspace to minimize distractions and enhance productivity.,,FALSE,3,Professional,14,2024-08-14 17:52:50,2024-08-14 17:52:50
Plan for career advancement,Develop a career plan that outlines steps for professional growth and advancement.,,FALSE,3,Professional,14,2024-08-14 17:52:50,2024-08-14 17:52:50
Incorporate feedback into planning,Use feedback from colleagues or mentors to improve your planning process.,,FALSE,3,Professional,14,2024-08-14 17:52:50,2024-08-14 17:52:50
Review achievements and set new goals,Regularly review your achievements and set new goals to continue progressing.,,FALSE,3,Professional,14,2024-08-14 17:52:50,2024-08-14 17:52:50
Build strong working relationships,"Invest time in building strong, respectful, and collaborative relationships with colleagues.",,FALSE,3,Professional,15,2024-08-14 17:52:50,2024-08-14 17:52:50
Foster open communication,Encourage open and honest communication within the team to ensure effective collaboration.,,FALSE,3,Professional,15,2024-08-14 17:52:50,2024-08-14 17:52:50
Participate actively in team meetings,"Contribute to team meetings by sharing ideas and feedback, and engaging in discussions.",,FALSE,3,Professional,15,2024-08-14 17:52:50,2024-08-14 17:52:50
Share knowledge and resources,Share your knowledge and resources with team members to help achieve common goals.,,FALSE,3,Professional,15,2024-08-14 17:52:50,2024-08-14 17:52:50
Respect diverse perspectives,Value and respect the different perspectives and ideas that colleagues bring to the table.,,FALSE,3,Professional,15,2024-08-14 17:52:50,2024-08-14 17:52:50
Support team members,Offer assistance and support to colleagues when they need help with tasks or challenges.,,FALSE,3,Professional,15,2024-08-14 17:52:50,2024-08-14 17:52:50
Engage in active listening,Practice active listening to fully understand and respond to colleagues' ideas and concerns.,,FALSE,3,Professional,15,2024-08-14 17:52:50,2024-08-14 17:52:50
Promote teamwork and cooperation,Foster a team-oriented mindset by encouraging collaboration and cooperation.,,FALSE,3,Professional,15,2024-08-14 17:52:50,2024-08-14 17:52:50
Resolve conflicts professionally,Address and resolve conflicts with colleagues in a professional and constructive manner.,,FALSE,3,Professional,15,2024-08-14 17:52:50,2024-08-14 17:52:50
Be adaptable and flexible,Show adaptability and flexibility when working on tasks or facing challenges at work.,,FALSE,3,Professional,15,2024-08-14 17:52:50,2024-08-14 17:52:50
Celebrate team achievements,Acknowledge and celebrate the successes and milestones achieved by the team.,,FALSE,3,Professional,15,2024-08-14 17:52:50,2024-08-14 17:52:50
Provide constructive feedback,Offer constructive feedback to colleagues to help them improve their performance.,,FALSE,3,Professional,15,2024-08-14 17:52:50,2024-08-14 17:52:50
Respect work-life balance,Respect colleagues' work-life balance by being mindful of their time and commitments.,,FALSE,3,Professional,15,2024-08-14 17:52:50,2024-08-14 17:52:50
Participate in team-building activities,Engage in team-building activities to strengthen relationships and improve collaboration.,,FALSE,3,Professional,15,2024-08-14 17:52:50,2024-08-14 17:52:50
Encourage innovation,Support and encourage innovative thinking and approaches within the team.,,FALSE,3,Professional,15,2024-08-14 17:52:50,2024-08-14 17:52:50
Maintain a positive attitude,Cultivate a positive and supportive work environment by maintaining a positive attitude.,,FALSE,3,Professional,15,2024-08-14 17:52:50,2024-08-14 17:52:50
Acknowledge and address mistakes,Take responsibility for mistakes and work to address and correct them promptly.,,FALSE,3,Professional,15,2024-08-14 17:52:50,2024-08-14 17:52:50
Support diversity and inclusion,Promote a diverse and inclusive work environment where all colleagues feel valued.,,FALSE,3,Professional,15,2024-08-14 17:52:50,2024-08-14 17:52:50
Help onboard new team members,Assist in onboarding new team members by providing guidance and support.,,FALSE,3,Professional,15,2024-08-14 17:52:50,2024-08-14 17:52:50
Build trust within the team,Work on building and maintaining trust with your colleagues to create a cohesive team.,,FALSE,3,Professional,15,2024-08-14 17:52:50,2024-08-14 17:52:50
Provide guidance and advice,Offer guidance and advice to help your mentee achieve their personal and professional goals.,,FALSE,3,Professional,11,2024-08-14 17:52:50,2024-08-14 17:52:50
Foster a supportive relationship,Build a supportive and trusting relationship with your mentee.,,FALSE,3,Professional,11,2024-08-14 17:52:50,2024-08-14 17:52:50
Share industry knowledge,Provide insights and knowledge about the industry to help your mentee grow.,,FALSE,3,Professional,11,2024-08-14 17:52:50,2024-08-14 17:52:50
Set clear expectations,Establish clear expectations for the mentoring relationship to ensure mutual understanding.,,FALSE,3,Professional,11,2024-08-14 17:52:50,2024-08-14 17:52:50
Encourage skill development,Support your mentee in developing the skills they need to succeed.,,FALSE,3,Professional,11,2024-08-14 17:52:50,2024-08-14 17:52:50
Help set achievable goals,Assist your mentee in setting realistic and achievable goals for their development.,,FALSE,3,Professional,11,2024-08-14 17:52:50,2024-08-14 17:52:50
Provide constructive feedback,Offer constructive feedback to help your mentee improve and grow.,,FALSE,3,Professional,11,2024-08-14 17:52:50,2024-08-14 17:52:50
Be a role model,Demonstrate professionalism and ethical behavior to serve as a role model for your mentee.,,FALSE,3,Professional,11,2024-08-14 17:52:50,2024-08-14 17:52:50
Encourage self-reflection,Promote self-reflection in your mentee to help them understand their strengths and areas for improvement.,,FALSE,3,Professional,11,2024-08-14 17:52:50,2024-08-14 17:52:50
Celebrate successes,Acknowledge and celebrate the achievements and milestones of your mentee.,,FALSE,3,Professional,11,2024-08-14 17:52:50,2024-08-14 17:52:50
Support career development,Offer advice and support for your mentee's career development and advancement.,,FALSE,3,Professional,11,2024-08-14 17:52:50,2024-08-14 17:52:50
Maintain regular communication,Keep regular communication with your mentee to stay informed about their progress.,,FALSE,3,Professional,11,2024-08-14 17:52:50,2024-08-14 17:52:50
Build confidence,Help your mentee build confidence in their abilities and potential.,,FALSE,3,Professional,11,2024-08-14 17:52:50,2024-08-14 17:52:50
Encourage networking,Support your mentee in expanding their professional network.,,FALSE,3,Professional,11,2024-08-14 17:52:50,2024-08-14 17:52:50
Be patient and understanding,Show patience and understanding as your mentee navigates challenges and growth.,,FALSE,3,Professional,11,2024-08-14 17:52:50,2024-08-14 17:52:50
Share personal experiences,Share your own experiences and lessons learned to provide valuable insights.,,FALSE,3,Professional,11,2024-08-14 17:52:50,2024-08-14 17:52:50
Offer resources and tools,Provide resources and tools that can help your mentee achieve their goals.,,FALSE,3,Professional,11,2024-08-14 17:52:50,2024-08-14 17:52:50
Promote a growth mindset,"Encourage your mentee to adopt a growth mindset, focusing on learning and improvement.",,FALSE,3,Professional,11,2024-08-14 17:52:50,2024-08-14 17:52:50
Encourage independent thinking,Support your mentee in developing their own ideas and solutions.,,FALSE,3,Professional,11,2024-08-14 17:52:50,2024-08-14 17:52:50
Evaluate progress regularly,Assess the progress of your mentee regularly and adjust goals and strategies as needed.,,FALSE,3,Professional,11,2024-08-14 17:52:50,2024-08-14 17:52:50
Set clear goals,Identify and set clear goals that you want to achieve with the help of your mentor.,,FALSE,3,Professional,12,2024-08-14 17:52:50,2024-08-14 17:52:50
Be open to feedback,Be receptive to constructive feedback from your mentor to aid your growth.,,FALSE,3,Professional,12,2024-08-14 17:52:50,2024-08-14 17:52:50
Take initiative,Take initiative in seeking out opportunities for learning and development.,,FALSE,3,Professional,12,2024-08-14 17:52:50,2024-08-14 17:52:50
Maintain regular communication,Keep regular communication with your mentor to discuss progress and challenges.,,FALSE,3,Professional,12,2024-08-14 17:52:50,2024-08-14 17:52:50
Show appreciation for your mentor's time,Express gratitude for the time and effort your mentor invests in your development.,,FALSE,3,Professional,12,2024-08-14 17:52:50,2024-08-14 17:52:50
Be prepared for meetings,"Come prepared to mentoring sessions with questions, updates, and topics for discussion.",,FALSE,3,Professional,12,2024-08-14 17:52:50,2024-08-14 17:52:50
Implement feedback,Actively work on implementing the feedback and advice provided by your mentor.,,FALSE,3,Professional,12,2024-08-14 17:52:50,2024-08-14 17:52:50
Seek out learning opportunities,Identify and pursue learning opportunities that align with your goals.,,FALSE,3,Professional,12,2024-08-14 17:52:50,2024-08-14 17:52:50
Be honest about challenges,Be open and honest with your mentor about the challenges you are facing.,,FALSE,3,Professional,12,2024-08-14 17:52:50,2024-08-14 17:52:50
Reflect on progress,Regularly reflect on your progress and discuss it with your mentor.,,FALSE,3,Professional,12,2024-08-14 17:52:50,2024-08-14 17:52:50
Ask questions,Don't hesitate to ask questions and seek clarification from your mentor.,,FALSE,3,Professional,12,2024-08-14 17:52:50,2024-08-14 17:52:50
Be open to new perspectives,Be willing to consider new ideas and perspectives offered by your mentor.,,FALSE,3,Professional,12,2024-08-14 17:52:50,2024-08-14 17:52:50
Take ownership of your growth,Take responsibility for your own learning and development.,,FALSE,3,Professional,12,2024-08-14 17:52:50,2024-08-14 17:52:50
Be respectful of your mentor's time,Ensure that you respect your mentor's time by being punctual and considerate.,,FALSE,3,Professional,12,2024-08-14 17:52:50,2024-08-14 17:52:50
Share your successes,Share your successes and achievements with your mentor to celebrate together.,,FALSE,3,Professional,12,2024-08-14 17:52:50,2024-08-14 17:52:50
Set realistic expectations,Set realistic expectations for what you want to achieve in the mentoring relationship.,,FALSE,3,Professional,12,2024-08-14 17:52:50,2024-08-14 17:52:50
Be proactive in seeking advice,Take the initiative to seek advice and guidance from your mentor when needed.,,FALSE,3,Professional,12,2024-08-14 17:52:50,2024-08-14 17:52:50
Show commitment to growth,Demonstrate your commitment to personal and professional growth.,,FALSE,3,Professional,12,2024-08-14 17:52:50,2024-08-14 17:52:50
Maintain a positive attitude,Approach challenges with a positive and solution-oriented mindset.,,FALSE,3,Professional,12,2024-08-14 17:52:50,2024-08-14 17:52:50
Evaluate your mentoring relationship,Regularly assess the effectiveness of your mentoring relationship and make adjustments as needed.,,FALSE,3,Professional,12,2024-08-14 17:52:50,2024-08-14 17:52:50
Communicate openly and honestly,Foster open and honest communication with your partner to strengthen your relationship.,,FALSE,3,Family,9,2024-08-14 17:52:50,2024-08-14 17:52:50
Spend quality time together,Make time to engage in activities and conversations that you both enjoy.,,FALSE,3,Family,9,2024-08-14 17:52:50,2024-08-14 17:52:50
Support each other's goals,Encourage and assist your partner in achieving their personal and professional aspirations.,,FALSE,3,Family,9,2024-08-14 17:52:50,2024-08-14 17:52:50
Resolve conflicts peacefully,Work together to address and resolve conflicts in a respectful and constructive manner.,,FALSE,3,Family,9,2024-08-14 17:52:50,2024-08-14 17:52:50
Celebrate relationship milestones,Acknowledge and celebrate important milestones and achievements in your relationship.,,FALSE,3,Family,9,2024-08-14 17:52:50,2024-08-14 17:52:50
Maintain physical and emotional intimacy,Work on building and maintaining both physical and emotional intimacy with your partner.,,FALSE,3,Family,9,2024-08-14 17:52:50,2024-08-14 17:52:50
Share household responsibilities,Work together to balance household duties and responsibilities.,,FALSE,3,Family,9,2024-08-14 17:52:50,2024-08-14 17:52:50
Be a supportive partner,Offer encouragement and support during challenging times.,,FALSE,3,Family,9,2024-08-14 17:52:50,2024-08-14 17:52:50
Plan for the future together,"Discuss and set goals for your future as a couple, including financial planning and life goals.",,FALSE,3,Family,9,2024-08-14 17:52:50,2024-08-14 17:52:50
Show appreciation and gratitude,Regularly express appreciation and gratitude for your partner's efforts and contributions.,,FALSE,3,Family,9,2024-08-14 17:52:50,2024-08-14 17:52:50
Engage in shared hobbies,Find and participate in activities that you both enjoy to strengthen your bond.,,FALSE,3,Family,9,2024-08-14 17:52:50,2024-08-14 17:52:50
Support each other's well-being,Be attentive to your partner's emotional and physical well-being.,,FALSE,3,Family,9,2024-08-14 17:52:50,2024-08-14 17:52:50
Celebrate special occasions together,"Make an effort to celebrate birthdays, anniversaries, and other special occasions together.",,FALSE,3,Family,9,2024-08-14 17:52:50,2024-08-14 17:52:50
Respect each other's boundaries,Understand and respect the personal boundaries set by your partner.,,FALSE,3,Family,9,2024-08-14 17:52:50,2024-08-14 17:52:50
Build a foundation of trust,Work on building and maintaining trust in your relationship.,,FALSE,3,Family,9,2024-08-14 17:52:50,2024-08-14 17:52:50
Foster mutual respect,Ensure that respect is always present in your interactions with your partner.,,FALSE,3,Family,9,2024-08-14 17:52:50,2024-08-14 17:52:50
Maintain a healthy work-life balance,"Strive to balance work, personal life, and your relationship to ensure a healthy and fulfilling partnership.",,FALSE,3,Family,9,2024-08-14 17:52:50,2024-08-14 17:52:50
Participate in relationship-building activities,"Engage in activities specifically designed to strengthen your relationship, such as counseling or workshops.",,FALSE,3,Family,9,2024-08-14 17:52:50,2024-08-14 17:52:50
Support each other's interests,Show interest and support in your partner's hobbies and passions.,,FALSE,3,Family,9,2024-08-14 17:52:50,2024-08-14 17:52:50
Create a loving and supportive environment,"Work together to create a home environment that is loving, supportive, and conducive to growth.",,FALSE,3,Family,9,2024-08-14 17:52:50,2024-08-14 17:52:50
Foster open communication,Encourage open and honest communication within the team to ensure effective collaboration.,,FALSE,3,Professional,10,2024-08-14 17:52:50,2024-08-14 17:52:50
Support team members,Offer assistance and support to colleagues when they need help with tasks or challenges.,,FALSE,3,Professional,10,2024-08-14 17:52:50,2024-08-14 17:52:50
Collaborate on projects,"Work effectively with colleagues on projects, ensuring that all team members are contributing.",,FALSE,3,Professional,10,2024-08-14 17:52:50,2024-08-14 17:52:50
Respect diverse perspectives,Value and respect the different perspectives and ideas that colleagues bring to the table.,,FALSE,3,Professional,10,2024-08-14 17:52:50,2024-08-14 17:52:50
Share knowledge and expertise,Contribute your knowledge and expertise to help the team achieve its goals.,,FALSE,3,Professional,10,2024-08-14 17:52:50,2024-08-14 17:52:50
Maintain a positive attitude,Cultivate a positive and supportive work environment by maintaining a positive attitude.,,FALSE,3,Professional,10,2024-08-14 17:52:50,2024-08-14 17:52:50
Provide constructive feedback,Offer constructive feedback to colleagues to help them improve their performance.,,FALSE,3,Professional,10,2024-08-14 17:52:50,2024-08-14 17:52:50
Celebrate team achievements,Acknowledge and celebrate the successes and milestones achieved by the team.,,FALSE,3,Professional,10,2024-08-14 17:52:50,2024-08-14 17:52:50
Build strong working relationships,"Invest time in building strong, respectful, and collaborative relationships with colleagues.",,FALSE,3,Professional,10,2024-08-14 17:52:50,2024-08-14 17:52:50
Support professional development,Encourage and support colleagues in their professional development and growth.,,FALSE,3,Professional,10,2024-08-14 17:52:50,2024-08-14 17:52:50
Promote teamwork,Foster a team-oriented mindset by encouraging collaboration and cooperation.,,FALSE,3,Professional,10,2024-08-14 17:52:50,2024-08-14 17:52:50
Resolve conflicts professionally,Address and resolve conflicts with colleagues in a professional and constructive manner.,,FALSE,3,Professional,10,2024-08-14 17:52:50,2024-08-14 17:52:50
Be punctual and reliable,Demonstrate reliability by being punctual and consistent in meeting deadlines and commitments.,,FALSE,3,Professional,10,2024-08-14 17:52:50,2024-08-14 17:52:50
Engage in active listening,Practice active listening to fully understand and respond to colleagues' ideas and concerns.,,FALSE,3,Professional,10,2024-08-14 17:52:50,2024-08-14 17:52:50
Respect work-life balance,Respect colleagues' work-life balance by being mindful of their time and commitments.,,FALSE,3,Professional,10,2024-08-14 17:52:50,2024-08-14 17:52:50
Participate in team-building activities,Engage in team-building activities to strengthen relationships and improve collaboration.,,FALSE,3,Professional,10,2024-08-14 17:52:50,2024-08-14 17:52:50
Be adaptable and flexible,Show adaptability and flexibility when working on tasks or facing challenges at work.,,FALSE,3,Professional,10,2024-08-14 17:52:50,2024-08-14 17:52:50
Acknowledge and address mistakes,Take responsibility for mistakes and work to address and correct them promptly.,,FALSE,3,Professional,10,2024-08-14 17:52:50,2024-08-14 17:52:50
Support diversity and inclusion,Promote a diverse and inclusive work environment where all colleagues feel valued.,,FALSE,3,Professional,10,2024-08-14 17:52:50,2024-08-14 17:52:50
Encourage innovation,Support and encourage innovative thinking and approaches within the team.,,FALSE,3,Professional,10,2024-08-14 17:52:50,2024-08-14 17:52:50
Support siblings in their endeavors,Offer encouragement and support to your siblings in their personal and professional goals.,,FALSE,3,Family,8,2024-08-14 17:52:50,2024-08-14 17:52:50
Communicate openly with siblings,Maintain open and honest communication with your siblings to strengthen your relationship.,,FALSE,3,Family,8,2024-08-14 17:52:50,2024-08-14 17:52:50
Spend quality time together,Make time to engage in activities and conversations that you both enjoy.,,FALSE,3,Family,8,2024-08-14 17:52:50,2024-08-14 17:52:50
Celebrate siblings' achievements,Acknowledge and celebrate the successes and milestones of your siblings.,,FALSE,3,Family,8,2024-08-14 17:52:50,2024-08-14 17:52:50
Be a positive role model,Set a good example for your younger siblings and family members.,,FALSE,3,Family,8,2024-08-14 17:52:50,2024-08-14 17:52:50
Provide emotional support,Be a source of emotional support for your siblings in times of need.,,FALSE,3,Family,8,2024-08-14 17:52:50,2024-08-14 17:52:50
Resolve conflicts peacefully,Work together to address and resolve conflicts in a respectful and constructive manner.,,FALSE,3,Family,8,2024-08-14 17:52:50,2024-08-14 17:52:50
Maintain family traditions,Honor and uphold family traditions and values.,,FALSE,3,Family,8,2024-08-14 17:52:50,2024-08-14 17:52:50
Foster family unity,Work towards maintaining a close-knit and united family.,,FALSE,3,Family,8,2024-08-14 17:52:50,2024-08-14 17:52:50
Help with family responsibilities,Contribute to the household by taking on chores and responsibilities.,,FALSE,3,Family,8,2024-08-14 17:52:50,2024-08-14 17:52:50
Celebrate special occasions together,Participate in family gatherings and special occasions to strengthen sibling bonds.,,FALSE,3,Family,8,2024-08-14 17:52:50,2024-08-14 17:52:50
Encourage healthy habits,"Promote and model healthy habits, such as regular exercise and balanced eating, to your siblings.",,FALSE,3,Family,8,2024-08-14 17:52:50,2024-08-14 17:52:50
Be there during tough times,Offer a listening ear and support during challenging times in your siblings' lives.,,FALSE,3,Family,8,2024-08-14 17:52:50,2024-08-14 17:52:50
Engage in shared hobbies,Find and participate in activities that you both enjoy to strengthen your bond.,,FALSE,3,Family,8,2024-08-14 17:52:50,2024-08-14 17:52:50
Maintain regular contact,"Stay in touch regularly, whether in person or through calls and messages.",,FALSE,3,Family,8,2024-08-14 17:52:50,2024-08-14 17:52:50
Support siblings' well-being,Encourage and support your siblings in maintaining their physical and mental health.,,FALSE,3,Family,8,2024-08-14 17:52:50,2024-08-14 17:52:50
Participate in family decisions,Contribute to family decision-making processes when appropriate.,,FALSE,3,Family,8,2024-08-14 17:52:50,2024-08-14 17:52:50
Share life experiences,Share your life experiences and lessons learned to help guide your siblings.,,FALSE,3,Family,8,2024-08-14 17:52:50,2024-08-14 17:52:50
Respect sibling boundaries,Understand and respect the boundaries set by your siblings.,,FALSE,3,Family,8,2024-08-14 17:52:50,2024-08-14 17:52:50
Foster sibling teamwork,Work together with your siblings on projects and family tasks to build teamwork and cooperation.,,FALSE,3,Family,8,2024-08-14 17:52:50,2024-08-14 17:52:50
Support siblings in their endeavors,Offer encouragement and support to your siblings in their personal and professional goals.,,FALSE,3,Family,7,2024-08-14 17:52:50,2024-08-14 17:52:50
Communicate openly with siblings,Maintain open and honest communication with your siblings to strengthen your relationship.,,FALSE,3,Family,7,2024-08-14 17:52:50,2024-08-14 17:52:50
Spend quality time together,Make time to engage in activities and conversations that you both enjoy.,,FALSE,3,Family,7,2024-08-14 17:52:50,2024-08-14 17:52:50
Celebrate siblings' achievements,Acknowledge and celebrate the successes and milestones of your siblings.,,FALSE,3,Family,7,2024-08-14 17:52:50,2024-08-14 17:52:50
Be a positive role model,Set a good example for your younger siblings and family members.,,FALSE,3,Family,7,2024-08-14 17:52:50,2024-08-14 17:52:50
Provide emotional support,Be a source of emotional support for your siblings in times of need.,,FALSE,3,Family,7,2024-08-14 17:52:50,2024-08-14 17:52:50
Resolve conflicts peacefully,Work together to address and resolve conflicts in a respectful and constructive manner.,,FALSE,3,Family,7,2024-08-14 17:52:50,2024-08-14 17:52:50
Maintain family traditions,Honor and uphold family traditions and values.,,FALSE,3,Family,7,2024-08-14 17:52:50,2024-08-14 17:52:50
Foster family unity,Work towards maintaining a close-knit and united family.,,FALSE,3,Family,7,2024-08-14 17:52:50,2024-08-14 17:52:50
Help with family responsibilities,Contribute to the household by taking on chores and responsibilities.,,FALSE,3,Family,7,2024-08-14 17:52:50,2024-08-14 17:52:50
Celebrate special occasions together,Participate in family gatherings and special occasions to strengthen sibling bonds.,,FALSE,3,Family,7,2024-08-14 17:52:50,2024-08-14 17:52:50
Encourage healthy habits,"Promote and model healthy habits, such as regular exercise and balanced eating, to your siblings.",,FALSE,3,Family,7,2024-08-14 17:52:50,2024-08-14 17:52:50
Be there during tough times,Offer a listening ear and support during challenging times in your siblings' lives.,,FALSE,3,Family,7,2024-08-14 17:52:50,2024-08-14 17:52:50
Engage in shared hobbies,Find and participate in activities that you both enjoy to strengthen your bond.,,FALSE,3,Family,7,2024-08-14 17:52:50,2024-08-14 17:52:50
Maintain regular contact,"Stay in touch regularly, whether in person or through calls and messages.",,FALSE,3,Family,7,2024-08-14 17:52:50,2024-08-14 17:52:50
Support siblings' well-being,Encourage and support your siblings in maintaining their physical and mental health.,,FALSE,3,Family,7,2024-08-14 17:52:50,2024-08-14 17:52:50
Participate in family decisions,Contribute to family decision-making processes when appropriate.,,FALSE,3,Family,7,2024-08-14 17:52:50,2024-08-14 17:52:50
Share life experiences,Share your life experiences and lessons learned to help guide your siblings.,,FALSE,3,Family,7,2024-08-14 17:52:50,2024-08-14 17:52:50
Respect sibling boundaries,Understand and respect the boundaries set by your siblings.,,FALSE,3,Family,7,2024-08-14 17:52:50,2024-08-14 17:52:50
Foster sibling teamwork,Work together with your siblings on projects and family tasks to build teamwork and cooperation.,,FALSE,3,Family,7,2024-08-14 17:52:50,2024-08-14 17:52:50
Communicate openly with family,Maintain open lines of communication with your family to foster understanding and support.,,FALSE,3,Family,6,2024-08-14 17:52:50,2024-08-14 17:52:50
Assist with family tasks,Take an active role in helping with household tasks and responsibilities.,,FALSE,3,Family,6,2024-08-14 17:52:50,2024-08-14 17:52:50
Celebrate family achievements,Recognize and celebrate the successes and milestones of your family members.,,FALSE,3,Family,6,2024-08-14 17:52:50,2024-08-14 17:52:50
Show respect and gratitude,Express appreciation and respect towards your parents for their efforts and sacrifices.,,FALSE,3,Family,6,2024-08-14 17:52:50,2024-08-14 17:52:50
Spend quality time with parents,Dedicate time to bond with your parents and strengthen your relationship.,,FALSE,3,Family,6,2024-08-14 17:52:50,2024-08-14 17:52:50
Support siblings,Be there for your siblings in times of need and offer support and guidance.,,FALSE,3,Family,6,2024-08-14 17:52:50,2024-08-14 17:52:50
Maintain family traditions,Honor and uphold family traditions and values.,,FALSE,3,Family,6,2024-08-14 17:52:50,2024-08-14 17:52:50
Foster family unity,Work towards maintaining a close-knit and united family.,,FALSE,3,Family,6,2024-08-14 17:52:50,2024-08-14 17:52:50
Be a positive role model,Set a good example for your younger siblings and family members.,,FALSE,3,Family,6,2024-08-14 17:52:50,2024-08-14 17:52:50
Provide emotional support,Be a source of emotional support for your parents and family members.,,FALSE,3,Family,6,2024-08-14 17:52:50,2024-08-14 17:52:50
Participate in family activities,Engage in activities that strengthen family bonds and create shared memories.,,FALSE,3,Family,6,2024-08-14 17:52:50,2024-08-14 17:52:50
Support parents' well-being,Encourage and support your parents in maintaining their physical and mental health.,,FALSE,3,Family,6,2024-08-14 17:52:50,2024-08-14 17:52:50
Help with family decisions,Contribute to family decision-making processes when appropriate.,,FALSE,3,Family,6,2024-08-14 17:52:50,2024-08-14 17:52:50
Express love and affection,Regularly show love and affection towards your parents and family members.,,FALSE,3,Family,6,2024-08-14 17:52:50,2024-08-14 17:52:50
Respect family boundaries,Understand and respect the boundaries set by your family members.,,FALSE,3,Family,6,2024-08-14 17:52:50,2024-08-14 17:52:50
Encourage family time,Promote and participate in regular family gatherings and activities.,,FALSE,3,Family,6,2024-08-14 17:52:50,2024-08-14 17:52:50
Celebrate special occasions,Acknowledge and celebrate special occasions and holidays with your family.,,FALSE,3,Family,6,2024-08-14 17:52:50,2024-08-14 17:52:50
Maintain family connections,Stay connected with extended family members and maintain strong family ties.,,FALSE,3,Family,6,2024-08-14 17:52:50,2024-08-14 17:52:50
Show interest in family history,Learn about and show interest in your family's history and traditions.,,FALSE,3,Family,6,2024-08-14 17:52:50,2024-08-14 17:52:50
Be a responsible family member,Fulfill your responsibilities within the family and contribute positively to family life.,,FALSE,3,Family,6,2024-08-14 17:52:50,2024-08-14 17:52:50
Show respect and gratitude,Express appreciation and respect towards your parents for their efforts and sacrifices.,,FALSE,3,Family,5,2024-08-14 17:52:50,2024-08-14 17:52:50
Help with family responsibilities,Contribute to the household by taking on chores and responsibilities.,,FALSE,3,Family,5,2024-08-14 17:52:50,2024-08-14 17:52:50
Spend quality time with parents,Dedicate time to bond with your parents and strengthen your relationship.,,FALSE,3,Family,5,2024-08-14 17:52:50,2024-08-14 17:52:50
Support parents in daily tasks,Assist your parents with daily tasks and errands to make their lives easier.,,FALSE,3,Family,5,2024-08-14 17:52:50,2024-08-14 17:52:50
Celebrate family achievements,Recognize and celebrate the successes and milestones of your family members.,,FALSE,3,Family,5,2024-08-14 17:52:50,2024-08-14 17:52:50
Maintain open communication,Keep open lines of communication with your parents to foster understanding and support.,,FALSE,3,Family,5,2024-08-14 17:52:50,2024-08-14 17:52:50
Show interest in family history,Learn about and show interest in your family's history and traditions.,,FALSE,3,Family,5,2024-08-14 17:52:50,2024-08-14 17:52:50
Be a positive role model,Set a good example for your younger siblings and family members.,,FALSE,3,Family,5,2024-08-14 17:52:50,2024-08-14 17:52:50
Foster family unity,Work towards maintaining a close-knit and united family.,,FALSE,3,Family,5,2024-08-14 17:52:50,2024-08-14 17:52:50
Participate in family activities,Engage in activities that strengthen family bonds and create shared memories.,,FALSE,3,Family,5,2024-08-14 17:52:50,2024-08-14 17:52:50
Support parents' well-being,Encourage and support your parents in maintaining their physical and mental health.,,FALSE,3,Family,5,2024-08-14 17:52:50,2024-08-14 17:52:50
Contribute to family decisions,Participate in family decision-making processes when appropriate.,,FALSE,3,Family,5,2024-08-14 17:52:50,2024-08-14 17:52:50
Express love and affection,Regularly show love and affection towards your parents and family members.,,FALSE,3,Family,5,2024-08-14 17:52:50,2024-08-14 17:52:50
Respect family traditions,Honor and uphold family traditions and values.,,FALSE,3,Family,5,2024-08-14 17:52:50,2024-08-14 17:52:50
Provide emotional support,Be a source of emotional support for your parents and family members.,,FALSE,3,Family,5,2024-08-14 17:52:50,2024-08-14 17:52:50
Maintain family ties,Stay connected with extended family members and maintain strong family ties.,,FALSE,3,Family,5,2024-08-14 17:52:50,2024-08-14 17:52:50
Encourage family time,Promote and participate in regular family gatherings and activities.,,FALSE,3,Family,5,2024-08-14 17:52:50,2024-08-14 17:52:50
Celebrate special occasions,Acknowledge and celebrate special occasions and holidays with your family.,,FALSE,3,Family,5,2024-08-14 17:52:50,2024-08-14 17:52:50
Support siblings,Be there for your siblings in times of need and offer support and guidance.,,FALSE,3,Family,5,2024-08-14 17:52:50,2024-08-14 17:52:50
Be a responsible family member,Fulfill your responsibilities within the family and contribute positively to family life.,,FALSE,3,Family,5,2024-08-14 17:52:50,2024-08-14 17:52:50
Nurture emotional intimacy,Cultivate a deep emotional connection with your spouse through active listening and understanding.,,FALSE,3,Family,4,2024-08-14 17:52:50,2024-08-14 17:52:50
Support your spouse's goals,Encourage and assist your spouse in achieving their personal and professional aspirations.,,FALSE,3,Family,4,2024-08-14 17:52:50,2024-08-14 17:52:50
Maintain a work-life balance,"Strive to balance work, personal life, and marriage to ensure a healthy and fulfilling relationship.",,FALSE,3,Family,4,2024-08-14 17:52:50,2024-08-14 17:52:50
Plan quality time together,Set aside dedicated time to engage in activities that you both enjoy and that strengthen your bond.,,FALSE,3,Family,4,2024-08-14 17:52:50,2024-08-14 17:52:50
Communicate openly and honestly,Foster open and honest communication with your spouse to strengthen your relationship.,,FALSE,3,Family,4,2024-08-14 17:52:50,2024-08-14 17:52:50
Show appreciation and gratitude,Regularly express appreciation and gratitude for your spouse's efforts and contributions.,,FALSE,3,Family,4,2024-08-14 17:52:50,2024-08-14 17:52:50
Share household responsibilities,Work together with your spouse to balance household duties and responsibilities.,,FALSE,3,Family,4,2024-08-14 17:52:50,2024-08-14 17:52:50
Resolve conflicts peacefully,Work together to address and resolve conflicts in a respectful and constructive manner.,,FALSE,3,Family,4,2024-08-14 17:52:50,2024-08-14 17:52:50
Celebrate relationship milestones,Acknowledge and celebrate important milestones and achievements in your relationship.,,FALSE,3,Family,4,2024-08-14 17:52:50,2024-08-14 17:52:50
Foster mutual respect,Ensure that respect is always present in your interactions with your spouse.,,FALSE,3,Family,4,2024-08-14 17:52:50,2024-08-14 17:52:50
Engage in shared hobbies,Find and participate in activities that you both enjoy to strengthen your bond.,,FALSE,3,Family,4,2024-08-14 17:52:50,2024-08-14 17:52:50
Be a supportive partner,Offer encouragement and support during challenging times.,,FALSE,3,Family,4,2024-08-14 17:52:50,2024-08-14 17:52:50
Maintain physical intimacy,Work on building and maintaining physical intimacy with your spouse.,,FALSE,3,Family,4,2024-08-14 17:52:50,2024-08-14 17:52:50
Plan for the future together,"Discuss and set goals for your future as a couple, including financial planning and life goals.",,FALSE,3,Family,4,2024-08-14 17:52:50,2024-08-14 17:52:50
Support emotional well-being,Be attentive to your spouse's emotional needs and provide support when needed.,,FALSE,3,Family,4,2024-08-14 17:52:50,2024-08-14 17:52:50
Encourage open communication,"Promote open and honest discussions about feelings, thoughts, and concerns.",,FALSE,3,Family,4,2024-08-14 17:52:50,2024-08-14 17:52:50
Spend time with extended family,Make an effort to build and maintain relationships with your spouse's family.,,FALSE,3,Family,4,2024-08-14 17:52:50,2024-08-14 17:52:50
Plan surprise gestures,Surprise your spouse with thoughtful gestures to show love and appreciation.,,FALSE,3,Family,4,2024-08-14 17:52:50,2024-08-14 17:52:50
Work on personal growth,Focus on your own personal development to become a better partner.,,FALSE,3,Family,4,2024-08-14 17:52:50,2024-08-14 17:52:50
Create a strong foundation,"Work on building a strong foundation of trust, respect, and love in your marriage.",,FALSE,3,Family,4,2024-08-14 17:52:50,2024-08-14 17:52:50
Plan regular date nights,Organize regular outings or activities to keep the romantic connection alive in your marriage.,,FALSE,3,Family,3,2024-08-14 17:52:50,2024-08-14 17:52:50
Communicate openly and honestly,Foster open and honest communication with your spouse to strengthen your relationship.,,FALSE,3,Family,3,2024-08-14 17:52:50,2024-08-14 17:52:50
Share household responsibilities,Work together with your spouse to balance household duties and responsibilities.,,FALSE,3,Family,3,2024-08-14 17:52:50,2024-08-14 17:52:50
Show appreciation,Regularly express gratitude and appreciation for your spouse's efforts and contributions.,,FALSE,3,Family,3,2024-08-14 17:52:50,2024-08-14 17:52:50
Support your spouse's goals,Encourage and assist your spouse in achieving their personal and professional aspirations.,,FALSE,3,Family,3,2024-08-14 17:52:50,2024-08-14 17:52:50
Spend quality time together,Make time to engage in activities and conversations that you both enjoy.,,FALSE,3,Family,3,2024-08-14 17:52:50,2024-08-14 17:52:50
Resolve conflicts peacefully,Work together to address and resolve conflicts in a respectful and constructive manner.,,FALSE,3,Family,3,2024-08-14 17:52:50,2024-08-14 17:52:50
Maintain a work-life balance,"Strive to balance work, personal life, and marriage to ensure a healthy and fulfilling relationship.",,FALSE,3,Family,3,2024-08-14 17:52:50,2024-08-14 17:52:50
Plan for the future together,"Discuss and set goals for your future as a couple, including financial planning and life goals.",,FALSE,3,Family,3,2024-08-14 17:52:50,2024-08-14 17:52:50
Support emotional well-being,Be attentive to your spouse's emotional needs and provide support when needed.,,FALSE,3,Family,3,2024-08-14 17:52:50,2024-08-14 17:52:50
Foster intimacy,Work on building and maintaining both emotional and physical intimacy with your spouse.,,FALSE,3,Family,3,2024-08-14 17:52:50,2024-08-14 17:52:50
Engage in shared hobbies,Find and participate in activities that you both enjoy to strengthen your bond.,,FALSE,3,Family,3,2024-08-14 17:52:50,2024-08-14 17:52:50
Celebrate milestones,Acknowledge and celebrate important milestones and achievements in your relationship.,,FALSE,3,Family,3,2024-08-14 17:52:50,2024-08-14 17:52:50
Be a supportive partner,Offer encouragement and support during challenging times.,,FALSE,3,Family,3,2024-08-14 17:52:50,2024-08-14 17:52:50
Maintain mutual respect,Ensure that respect is always present in your interactions with your spouse.,,FALSE,3,Family,3,2024-08-14 17:52:50,2024-08-14 17:52:50
Work on personal growth,Focus on your own personal development to become a better partner.,,FALSE,3,Family,3,2024-08-14 17:52:50,2024-08-14 17:52:50
Encourage open communication,"Promote open and honest discussions about feelings, thoughts, and concerns.",,FALSE,3,Family,3,2024-08-14 17:52:50,2024-08-14 17:52:50
Spend time with extended family,Make an effort to build and maintain relationships with your spouse's family.,,FALSE,3,Family,3,2024-08-14 17:52:50,2024-08-14 17:52:50
Plan surprise gestures,Surprise your spouse with thoughtful gestures to show love and appreciation.,,FALSE,3,Family,3,2024-08-14 17:52:50,2024-08-14 17:52:50
Create a strong foundation,"Work on building a strong foundation of trust, respect, and love in your marriage.",,FALSE,3,Family,3,2024-08-14 17:52:50,2024-08-14 17:52:50
Foster emotional well-being,Nurture a loving and supportive environment that encourages emotional growth and security in your children.,,FALSE,3,Family,2,2024-08-14 17:52:50,2024-08-14 17:52:50
Promote healthy habits,"Encourage and model healthy eating, physical activity, and self-care for your family.",,FALSE,3,Family,2,2024-08-14 17:52:50,2024-08-14 17:52:50
Create family traditions,Establish and maintain family traditions that build strong connections and memories.,,FALSE,3,Family,2,2024-08-14 17:52:50,2024-08-14 17:52:50
Support children's education,Provide the necessary support and resources to help your children excel in their education.,,FALSE,3,Family,2,2024-08-14 17:52:50,2024-08-14 17:52:50
Teach life skills,"Instruct your children in essential life skills, such as responsibility, decision-making, and problem-solving.",,FALSE,3,Family,2,2024-08-14 17:52:50,2024-08-14 17:52:50
Encourage open communication,Create an environment where your children feel comfortable discussing their thoughts and feelings.,,FALSE,3,Family,2,2024-08-14 17:52:50,2024-08-14 17:52:50
Promote social development,Help your children develop strong social skills and build healthy relationships.,,FALSE,3,Family,2,2024-08-14 17:52:50,2024-08-14 17:52:50
Support extracurricular activities,Encourage and support your children in pursuing extracurricular activities that interest them.,,FALSE,3,Family,2,2024-08-14 17:52:50,2024-08-14 17:52:50
Teach financial literacy,Educate your children on financial responsibility and the basics of money management.,,FALSE,3,Family,2,2024-08-14 17:52:50,2024-08-14 17:52:50
Be a positive role model,"Set a good example for your children in all aspects of life, including work ethic, kindness, and respect.",,FALSE,3,Family,2,2024-08-14 17:52:50,2024-08-14 17:52:50
Encourage educational pursuits,Motivate your children to pursue their education and support their academic goals.,,FALSE,3,Family,2,2024-08-14 17:52:50,2024-08-14 17:52:50
Celebrate family milestones,Recognize and celebrate the successes and milestones of your family members.,,FALSE,3,Family,2,2024-08-14 17:52:50,2024-08-14 17:52:50
Maintain a balanced life,"Strive to balance work, personal life, and family to ensure a healthy and fulfilling relationship.",,FALSE,3,Family,2,2024-08-14 17:52:50,2024-08-14 17:52:50
Support your spouse's goals,Encourage and assist your spouse in achieving their personal and professional aspirations.,,FALSE,3,Family,2,2024-08-14 17:52:50,2024-08-14 17:52:50
Create a safe and loving home environment,"Ensure that your home is a safe, nurturing, and loving place for your children to grow and thrive.",,FALSE,3,Family,2,2024-08-14 17:52:50,2024-08-14 17:52:50
Encourage self-expression,Support your children in expressing themselves creatively and emotionally.,,FALSE,3,Family,2,2024-08-14 17:52:50,2024-08-14 17:52:50
Promote healthy relationships,Teach your children about the importance of healthy relationships and how to build them.,,FALSE,3,Family,2,2024-08-14 17:52:50,2024-08-14 17:52:50
Support emotional development,Help your children develop emotional intelligence and resilience.,,FALSE,3,Family,2,2024-08-14 17:52:50,2024-08-14 17:52:50
Promote physical activity,Encourage your children to stay active and participate in regular physical exercise.,,FALSE,3,Family,2,2024-08-14 17:52:50,2024-08-14 17:52:50
Teach conflict resolution,Help your children develop skills to resolve conflicts peacefully and effectively.,,FALSE,3,Family,2,2024-08-14 17:52:50,2024-08-14 17:52:50
Spend quality time with children,Dedicate time each day to connect with your children through activities and conversations.,,FALSE,3,Family,1,2024-08-14 17:52:50,2024-08-14 17:52:50
Teach important life skills,"Instruct your children in essential life skills, such as responsibility, decision-making, and problem-solving.",,FALSE,3,Family,1,2024-08-14 17:52:50,2024-08-14 17:52:50
Support academic success,Provide the necessary support and resources to help your children excel in their education.,,FALSE,3,Family,1,2024-08-14 17:52:50,2024-08-14 17:52:50
Model positive behavior,Demonstrate positive behavior and values for your children to emulate.,,FALSE,3,Family,1,2024-08-14 17:52:50,2024-08-14 17:52:50
Encourage independence,Foster independence in your children by allowing them to make their own decisions and learn from them.,,FALSE,3,Family,1,2024-08-14 17:52:50,2024-08-14 17:52:50
Create family traditions,Establish and maintain family traditions that build strong connections and memories.,,FALSE,3,Family,1,2024-08-14 17:52:50,2024-08-14 17:52:50
Support extracurricular activities,Encourage and support your children in pursuing extracurricular activities that interest them.,,FALSE,3,Family,1,2024-08-14 17:52:50,2024-08-14 17:52:50
Foster open communication,Create an environment where your children feel comfortable discussing their thoughts and feelings.,,FALSE,3,Family,1,2024-08-14 17:52:50,2024-08-14 17:52:50
Promote healthy relationships,Teach your children about the importance of healthy relationships and how to build them.,,FALSE,3,Family,1,2024-08-14 17:52:50,2024-08-14 17:52:50
Be a positive role model,"Set a good example for your children in all aspects of life, including work ethic, kindness, and respect.",,FALSE,3,Family,1,2024-08-14 17:52:50,2024-08-14 17:52:50
Teach financial literacy,Educate your children on financial responsibility and the basics of money management.,,FALSE,3,Family,1,2024-08-14 17:52:50,2024-08-14 17:52:50
Support your child's interests,Show interest and support in your child's hobbies and passions.,,FALSE,3,Family,1,2024-08-14 17:52:50,2024-08-14 17:52:50
Promote physical activity,Encourage your children to stay active and participate in regular physical exercise.,,FALSE,3,Family,1,2024-08-14 17:52:50,2024-08-14 17:52:50
Teach conflict resolution,Help your children develop skills to resolve conflicts peacefully and effectively.,,FALSE,3,Family,1,2024-08-14 17:52:50,2024-08-14 17:52:50
Encourage educational pursuits,Motivate your children to pursue their education and support their academic goals.,,FALSE,3,Family,1,2024-08-14 17:52:50,2024-08-14 17:52:50
Be present in their lives,Make an effort to be actively involved in your children's lives and be present during important moments.,,FALSE,3,Family,1,2024-08-14 17:52:50,2024-08-14 17:52:50
Celebrate achievements,"Recognize and celebrate your children's achievements, both big and small.",,FALSE,3,Family,1,2024-08-14 17:52:50,2024-08-14 17:52:50
Instill a love of learning,Encourage curiosity and a love of learning in your children by exposing them to new experiences and knowledge.,,FALSE,3,Family,1,2024-08-14 17:52:50,2024-08-14 17:52:50
Promote a healthy lifestyle,"Model and encourage healthy eating habits, regular exercise, and self-care for your family.",,FALSE,3,Family,1,2024-08-14 17:52:50,2024-08-14 17:52:50
Create a safe and loving home environment,"Ensure that your home is a safe, nurturing, and loving place for your children to grow and thrive.",,FALSE,3,Family,1,2024-08-14 17:52:50,2024-08-14 17:52:50